city,state,dispatch_health_service_area_zip
Worcester,MA,1420
Worcester,MA,1453
Boston,MA,1460
Worcester,MA,1462
Worcester,MA,1501
Worcester,MA,1503
Worcester,MA,1505
Worcester,MA,1507
Worcester,MA,1510
Worcester,MA,1516
Worcester,MA,1519
Worcester,MA,1520
Worcester,MA,1522
Worcester,MA,1523
Worcester,MA,1524
Worcester,MA,1527
Worcester,MA,1532
Worcester,MA,1534
Worcester,MA,1536
Worcester,MA,1537
Worcester,MA,1540
Worcester,MA,1541
Worcester,MA,1542
Worcester,MA,1543
Worcester,MA,1545
Worcester,MA,1550
Worcester,MA,1560
Worcester,MA,1562
Worcester,MA,1564
Worcester,MA,1568
Worcester,MA,1569
Worcester,MA,1570
Worcester,MA,1571
Worcester,MA,1581
Worcester,MA,1583
Worcester,MA,1588
Worcester,MA,1590
Worcester,MA,1602
Worcester,MA,1603
Worcester,MA,1604
Worcester,MA,1605
Worcester,MA,1606
Worcester,MA,1607
Worcester,MA,1608
Worcester,MA,1609
Worcester,MA,1610
Worcester,MA,1611
Worcester,MA,1612
Worcester,MA,1701
Worcester,MA,1702
Worcester,MA,1703
Worcester,MA,1704
Worcester,MA,1705
Boston,MA,1718
Boston,MA,1719
Boston,MA,1720
Worcester,MA,1721
Boston,MA,1730
Boston,MA,1741
Boston,MA,1742
Worcester,MA,1746
Worcester,MA,1747
Worcester,MA,1748
Worcester,MA,1749
Worcester,MA,1752
Boston,MA,1754
Worcester,MA,1757
Boston,MA,1760
Boston,MA,1770
Worcester,MA,1772
Boston,MA,1773
Boston,MA,1776
Boston,MA,1778
Boston,MA,1801
Boston,MA,1803
Boston,MA,1805
Boston,MA,1813
Boston,MA,1815
Boston,MA,1821
Boston,MA,1822
Boston,MA,1824
Boston,MA,1850
Boston,MA,1851
Boston,MA,1852
Boston,MA,1853
Boston,MA,1854
Boston,MA,1862
Boston,MA,1863
Boston,MA,1864
Boston,MA,1867
Boston,MA,1876
Boston,MA,1880
Boston,MA,1886
Boston,MA,1887
Boston,MA,1888
Boston,MA,1889
Boston,MA,1901
Boston,MA,1902
Boston,MA,1903
Boston,MA,1904
Boston,MA,1905
Boston,MA,1907
Boston,MA,1910
Boston,MA,1915
Boston,MA,1923
Boston,MA,1940
Boston,MA,1945
Boston,MA,1960
Boston,MA,1961
Boston,MA,1970
Boston,MA,2026
Boston,MA,2027
Boston,MA,2030
Boston,MA,2032
Boston,MA,2052
Boston,MA,2054
Boston,MA,2056
Boston,MA,2062
Boston,MA,2067
Boston,MA,2071
Boston,MA,2081
Boston,MA,2090
Boston,MA,2132
Boston,MA,2176
Boston,MA,2180
Boston,MA,2420
Boston,MA,2421
Boston,MA,2451
Boston,MA,2452
Boston,MA,2453
Boston,MA,2454
Boston,MA,2455
Boston,MA,2458
Boston,MA,2459
Boston,MA,2460
Boston,MA,2461
Boston,MA,2462
Boston,MA,2464
Boston,MA,2465
Boston,MA,2466
Boston,MA,2467
Boston,MA,2468
Boston,MA,2481
Boston,MA,2482
Boston,MA,2492
Boston,MA,2493
Boston,MA,2494
Boston,MA,2495
Ridgewood,NJ,7010
Ridgewood,NJ,7011
Ridgewood,NJ,7012
Ridgewood,NJ,7013
Ridgewood,NJ,7014
Ridgewood,NJ,7015
Ridgewood,NJ,7022
Ridgewood,NJ,7024
Ridgewood,NJ,7026
Ridgewood,NJ,7031
Ridgewood,NJ,7047
Ridgewood,NJ,7055
Ridgewood,NJ,7057
Ridgewood,NJ,7070
Ridgewood,NJ,7071
Ridgewood,NJ,7072
Ridgewood,NJ,7073
Ridgewood,NJ,7074
Ridgewood,NJ,7075
Ridgewood,NJ,7401
Ridgewood,NJ,7403
Ridgewood,NJ,7407
Ridgewood,NJ,7410
Ridgewood,NJ,7417
Ridgewood,NJ,7420
Ridgewood,NJ,7421
Ridgewood,NJ,7423
Ridgewood,NJ,7424
Ridgewood,NJ,7430
Ridgewood,NJ,7432
Ridgewood,NJ,7435
Ridgewood,NJ,7436
Ridgewood,NJ,7442
Ridgewood,NJ,7446
Ridgewood,NJ,7450
Ridgewood,NJ,7451
Ridgewood,NJ,7452
Ridgewood,NJ,7456
Ridgewood,NJ,7457
Ridgewood,NJ,7458
Ridgewood,NJ,7463
Ridgewood,NJ,7465
Ridgewood,NJ,7470
Ridgewood,NJ,7474
Ridgewood,NJ,7480
Ridgewood,NJ,7481
Ridgewood,NJ,7495
Ridgewood,NJ,7498
Ridgewood,NJ,7501
Ridgewood,NJ,7506
Ridgewood,NJ,7507
Ridgewood,NJ,7508
Ridgewood,NJ,7512
Ridgewood,NJ,7514
Ridgewood,NJ,7522
Ridgewood,NJ,7538
Ridgewood,NJ,7601
Ridgewood,NJ,7603
Ridgewood,NJ,7604
Ridgewood,NJ,7605
Ridgewood,NJ,7606
Ridgewood,NJ,7607
Ridgewood,NJ,7608
Ridgewood,NJ,7620
Ridgewood,NJ,7621
Ridgewood,NJ,7624
Ridgewood,NJ,7626
Ridgewood,NJ,7627
Ridgewood,NJ,7628
Ridgewood,NJ,7630
Ridgewood,NJ,7631
Ridgewood,NJ,7632
Ridgewood,NJ,7640
Ridgewood,NJ,7641
Ridgewood,NJ,7642
Ridgewood,NJ,7643
Ridgewood,NJ,7644
Ridgewood,NJ,7645
Ridgewood,NJ,7646
Ridgewood,NJ,7647
Ridgewood,NJ,7648
Ridgewood,NJ,7649
Ridgewood,NJ,7650
Ridgewood,NJ,7652
Ridgewood,NJ,7653
Ridgewood,NJ,7656
Ridgewood,NJ,7657
Ridgewood,NJ,7660
Ridgewood,NJ,7661
Ridgewood,NJ,7662
Ridgewood,NJ,7663
Ridgewood,NJ,7666
Ridgewood,NJ,7670
Ridgewood,NJ,7675
Ridgewood,NJ,7676
Ridgewood,NJ,7677
Washington D.C.,DC,20001
Washington D.C.,DC,20002
Washington D.C.,DC,20003
Washington D.C.,DC,20004
Washington D.C.,DC,20005
Washington D.C.,DC,20006
Washington D.C.,DC,20007
Washington D.C.,DC,20008
Washington D.C.,DC,20009
Washington D.C.,DC,20010
Washington D.C.,DC,20011
Washington D.C.,DC,20012
Washington D.C.,DC,20015
Washington D.C.,DC,20016
Washington D.C.,DC,20017
Washington D.C.,DC,20018
Washington D.C.,DC,20019
Washington D.C.,DC,20020
Washington D.C.,DC,20024
Washington D.C.,DC,20032
Washington D.C.,DC,20036
Washington D.C.,DC,20037
Washington D.C.,DC,20045
Washington D.C.,DC,20052
Washington D.C.,DC,20053
Washington D.C.,DC,20057
Washington D.C.,DC,20064
Northern Virginia,VA,20105
Northern Virginia,VA,20109
Northern Virginia,VA,20110
Northern Virginia,VA,20111
Northern Virginia,VA,20112
Northern Virginia,VA,20120
Northern Virginia,VA,20121
Northern Virginia,VA,20124
Northern Virginia,VA,20132
Northern Virginia,VA,20134
Northern Virginia,VA,20136
Northern Virginia,VA,20137
Northern Virginia,VA,20141
Northern Virginia,VA,20142
Northern Virginia,VA,20143
Northern Virginia,VA,20147
Northern Virginia,VA,20148
Northern Virginia,VA,20151
Northern Virginia,VA,20152
Northern Virginia,VA,20155
Northern Virginia,VA,20158
Northern Virginia,VA,20159
Northern Virginia,VA,20164
Northern Virginia,VA,20165
Northern Virginia,VA,20166
Northern Virginia,VA,20169
Northern Virginia,VA,20170
Northern Virginia,VA,20171
Northern Virginia,VA,20175
Northern Virginia,VA,20176
Northern Virginia,VA,20190
Northern Virginia,VA,20191
Northern Virginia,VA,20194
Baltimore,MD,20701
Baltimore,MD,20723
Washington D.C.,DC,20743
Washington D.C.,DC,20745
Washington D.C.,DC,20746
Washington D.C.,DC,20747
Washington D.C.,DC,20748
Baltimore,MD,20759
Baltimore,MD,20763
Baltimore,MD,20777
Washington D.C.,DC,20782
Baltimore,MD,20794
Baltimore,MD,21009
Baltimore,MD,21013
Baltimore,MD,21017
Baltimore,MD,21020
Baltimore,MD,21022
Baltimore,MD,21023
Baltimore,MD,21027
Baltimore,MD,21029
Baltimore,MD,21030
Baltimore,MD,21031
Baltimore,MD,21036
Baltimore,MD,21040
Baltimore,MD,21041
Baltimore,MD,21042
Baltimore,MD,21043
Baltimore,MD,21044
Baltimore,MD,21045
Baltimore,MD,21046
Baltimore,MD,21048
Baltimore,MD,21051
Baltimore,MD,21052
Baltimore,MD,21057
Baltimore,MD,21060
Baltimore,MD,21061
Baltimore,MD,21062
Baltimore,MD,21065
Baltimore,MD,21071
Baltimore,MD,21075
Baltimore,MD,21076
Baltimore,MD,21077
Baltimore,MD,21082
Baltimore,MD,21085
Baltimore,MD,21087
Baltimore,MD,21090
Baltimore,MD,21092
Baltimore,MD,21093
Baltimore,MD,21094
Baltimore,MD,21104
Baltimore,MD,21108
Baltimore,MD,21117
Baltimore,MD,21122
Baltimore,MD,21128
Baltimore,MD,21131
Baltimore,MD,21133
Baltimore,MD,21136
Baltimore,MD,21139
Baltimore,MD,21144
Baltimore,MD,21150
Baltimore,MD,21152
Baltimore,MD,21153
Baltimore,MD,21156
Baltimore,MD,21162
Baltimore,MD,21163
Baltimore,MD,21201
Baltimore,MD,21202
Baltimore,MD,21203
Baltimore,MD,21204
Baltimore,MD,21205
Baltimore,MD,21206
Baltimore,MD,21207
Baltimore,MD,21208
Baltimore,MD,21209
Baltimore,MD,21210
Baltimore,MD,21211
Baltimore,MD,21212
Baltimore,MD,21213
Baltimore,MD,21214
Baltimore,MD,21215
Baltimore,MD,21216
Baltimore,MD,21217
Baltimore,MD,21218
Baltimore,MD,21219
Baltimore,MD,21220
Baltimore,MD,21221
Baltimore,MD,21222
Baltimore,MD,21223
Baltimore,MD,21224
Baltimore,MD,21225
Baltimore,MD,21226
Baltimore,MD,21227
Baltimore,MD,21228
Baltimore,MD,21229
Baltimore,MD,21230
Baltimore,MD,21231
Baltimore,MD,21233
Baltimore,MD,21234
Baltimore,MD,21235
Baltimore,MD,21236
Baltimore,MD,21237
Baltimore,MD,21239
Baltimore,MD,21240
Baltimore,MD,21241
Baltimore,MD,21244
Baltimore,MD,21250
Baltimore,MD,21251
Baltimore,MD,21252
Baltimore,MD,21263
Baltimore,MD,21264
Baltimore,MD,21270
Baltimore,MD,21273
Baltimore,MD,21275
Baltimore,MD,21278
Baltimore,MD,21279
Baltimore,MD,21280
Baltimore,MD,21281
Baltimore,MD,21282
Baltimore,MD,21284
Baltimore,MD,21285
Baltimore,MD,21286
Baltimore,MD,21287
Baltimore,MD,21288
Baltimore,MD,21289
Baltimore,MD,21290
Baltimore,MD,21297
Baltimore,MD,21298
Baltimore,MD,21723
Baltimore,MD,21737
Baltimore,MD,21738
Baltimore,MD,21784
Baltimore,MD,21794
Northern Virginia,VA,22003
Northern Virginia,VA,22015
Northern Virginia,VA,22025
Northern Virginia,VA,22026
Northern Virginia,VA,22027
Northern Virginia,VA,22030
Northern Virginia,VA,22031
Northern Virginia,VA,22032
Northern Virginia,VA,22033
Northern Virginia,VA,22035
Northern Virginia,VA,22037
Northern Virginia,VA,22039
Northern Virginia,VA,22041
Northern Virginia,VA,22042
Northern Virginia,VA,22043
Northern Virginia,VA,22044
Northern Virginia,VA,22046
Northern Virginia,VA,22060
Northern Virginia,VA,22066
Northern Virginia,VA,22079
Northern Virginia,VA,22101
Northern Virginia,VA,22102
Northern Virginia,VA,22124
Northern Virginia,VA,22125
Northern Virginia,VA,22150
Northern Virginia,VA,22151
Northern Virginia,VA,22152
Northern Virginia,VA,22153
Northern Virginia,VA,22180
Northern Virginia,VA,22181
Northern Virginia,VA,22182
Northern Virginia,VA,22191
Northern Virginia,VA,22192
Northern Virginia,VA,22193
Northern Virginia,VA,22201
Northern Virginia,VA,22202
Northern Virginia,VA,22203
Northern Virginia,VA,22204
Northern Virginia,VA,22205
Northern Virginia,VA,22206
Northern Virginia,VA,22207
Northern Virginia,VA,22209
Northern Virginia,VA,22211
Northern Virginia,VA,22213
Northern Virginia,VA,22301
Northern Virginia,VA,22302
Northern Virginia,VA,22303
Northern Virginia,VA,22304
Northern Virginia,VA,22305
Northern Virginia,VA,22306
Northern Virginia,VA,22307
Northern Virginia,VA,22308
Northern Virginia,VA,22309
Northern Virginia,VA,22310
Northern Virginia,VA,22311
Northern Virginia,VA,22312
Northern Virginia,VA,22314
Northern Virginia,VA,22315
Richmond,VA,23005
Richmond,VA,23059
Richmond,VA,23060
Richmond,VA,23069
Richmond,VA,23075
Richmond,VA,23103
Richmond,VA,23111
Richmond,VA,23112
Richmond,VA,23113
Richmond,VA,23114
Richmond,VA,23116
Richmond,VA,23120
Richmond,VA,23139
Richmond,VA,23146
Richmond,VA,23150
Richmond,VA,23173
Richmond,VA,23219
Richmond,VA,23220
Richmond,VA,23221
Richmond,VA,23222
Richmond,VA,23223
Richmond,VA,23224
Richmond,VA,23225
Richmond,VA,23226
Richmond,VA,23227
Richmond,VA,23228
Richmond,VA,23229
Richmond,VA,23230
Richmond,VA,23231
Richmond,VA,23233
Richmond,VA,23234
Richmond,VA,23235
Richmond,VA,23236
Richmond,VA,23237
Richmond,VA,23238
Richmond,VA,23250
Richmond,VA,23294
Richmond,VA,23803
Richmond,VA,23805
Richmond,VA,23831
Richmond,VA,23832
Richmond,VA,23834
Richmond,VA,23836
Richmond,VA,23838
Richmond,VA,23860
Richmond,VA,23875
Raleigh-Durham,NC,27231
Raleigh-Durham,NC,27278
Raleigh-Durham,NC,27312
Raleigh-Durham,NC,27501
Raleigh-Durham,NC,27502
Raleigh-Durham,NC,27503
Raleigh-Durham,NC,27509
Raleigh-Durham,NC,27510
Raleigh-Durham,NC,27511
Raleigh-Durham,NC,27512
Raleigh-Durham,NC,27513
Raleigh-Durham,NC,27514
Raleigh-Durham,NC,27516
Raleigh-Durham,NC,27517
Raleigh-Durham,NC,27518
Raleigh-Durham,NC,27519
Raleigh-Durham,NC,27520
Raleigh-Durham,NC,27522
Raleigh-Durham,NC,27523
Raleigh-Durham,NC,27526
Raleigh-Durham,NC,27527
Raleigh-Durham,NC,27528
Raleigh-Durham,NC,27529
Raleigh-Durham,NC,27539
Raleigh-Durham,NC,27540
Raleigh-Durham,NC,27541
Raleigh-Durham,NC,27545
Raleigh-Durham,NC,27559
Raleigh-Durham,NC,27560
Raleigh-Durham,NC,27562
Raleigh-Durham,NC,27564
Raleigh-Durham,NC,27571
Raleigh-Durham,NC,27572
Raleigh-Durham,NC,27576
Raleigh-Durham,NC,27577
Raleigh-Durham,NC,27583
Raleigh-Durham,NC,27587
Raleigh-Durham,NC,27591
Raleigh-Durham,NC,27592
Raleigh-Durham,NC,27593
Raleigh-Durham,NC,27596
Raleigh-Durham,NC,27597
Raleigh-Durham,NC,27601
Raleigh-Durham,NC,27602
Raleigh-Durham,NC,27603
Raleigh-Durham,NC,27604
Raleigh-Durham,NC,27605
Raleigh-Durham,NC,27606
Raleigh-Durham,NC,27607
Raleigh-Durham,NC,27608
Raleigh-Durham,NC,27609
Raleigh-Durham,NC,27610
Raleigh-Durham,NC,27611
Raleigh-Durham,NC,27612
Raleigh-Durham,NC,27613
Raleigh-Durham,NC,27614
Raleigh-Durham,NC,27615
Raleigh-Durham,NC,27616
Raleigh-Durham,NC,27617
Raleigh-Durham,NC,27619
Raleigh-Durham,NC,27620
Raleigh-Durham,NC,27622
Raleigh-Durham,NC,27623
Raleigh-Durham,NC,27624
Raleigh-Durham,NC,27626
Raleigh-Durham,NC,27627
Raleigh-Durham,NC,27628
Raleigh-Durham,NC,27629
Raleigh-Durham,NC,27636
Raleigh-Durham,NC,27650
Raleigh-Durham,NC,27658
Raleigh-Durham,NC,27661
Raleigh-Durham,NC,27675
Raleigh-Durham,NC,27676
Raleigh-Durham,NC,27701
Raleigh-Durham,NC,27702
Raleigh-Durham,NC,27703
Raleigh-Durham,NC,27704
Raleigh-Durham,NC,27705
Raleigh-Durham,NC,27707
Raleigh-Durham,NC,27709
Raleigh-Durham,NC,27712
Raleigh-Durham,NC,27713
Raleigh-Durham,NC,27715
Raleigh-Durham,NC,27717
Raleigh-Durham,NC,27722
Atlanta,GA,30002
Atlanta,GA,30003
Atlanta,GA,30004
Atlanta,GA,30009
Atlanta,GA,30010
Atlanta,GA,30018
Atlanta,GA,30021
Atlanta,GA,30022
Atlanta,GA,30024
Atlanta,GA,30030
Atlanta,GA,30031
Atlanta,GA,30032
Atlanta,GA,30033
Atlanta,GA,30034
Atlanta,GA,30035
Atlanta,GA,30036
Atlanta,GA,30037
Atlanta,GA,30038
Atlanta,GA,30039
Atlanta,GA,30040
Atlanta,GA,30041
Atlanta,GA,30042
Atlanta,GA,30043
Atlanta,GA,30044
Atlanta,GA,30046
Atlanta,GA,30047
Atlanta,GA,30048
Atlanta,GA,30049
Atlanta,GA,30058
Atlanta,GA,30060
Atlanta,GA,30062
Atlanta,GA,30066
Atlanta,GA,30067
Atlanta,GA,30068
Atlanta,GA,30069
Atlanta,GA,30071
Atlanta,GA,30072
Atlanta,GA,30075
Atlanta,GA,30076
Atlanta,GA,30078
Atlanta,GA,30079
Atlanta,GA,30080
Atlanta,GA,30082
Atlanta,GA,30083
Atlanta,GA,30084
Atlanta,GA,30085
Atlanta,GA,30086
Atlanta,GA,30087
Atlanta,GA,30088
Atlanta,GA,30091
Atlanta,GA,30092
Atlanta,GA,30093
Atlanta,GA,30095
Atlanta,GA,30096
Atlanta,GA,30097
Atlanta,GA,30126
Atlanta,GA,30133
Atlanta,GA,30144
Atlanta,GA,30152
Atlanta,GA,30154
Atlanta,GA,30188
Atlanta,GA,30213
Atlanta,GA,30214
Atlanta,GA,30236
Atlanta,GA,30238
Atlanta,GA,30260
Atlanta,GA,30270
Atlanta,GA,30273
Atlanta,GA,30274
Atlanta,GA,30281
Atlanta,GA,30288
Atlanta,GA,30291
Atlanta,GA,30294
Atlanta,GA,30296
Atlanta,GA,30297
Atlanta,GA,30298
Atlanta,GA,30302
Atlanta,GA,30303
Atlanta,GA,30305
Atlanta,GA,30306
Atlanta,GA,30307
Atlanta,GA,30308
Atlanta,GA,30309
Atlanta,GA,30310
Atlanta,GA,30311
Atlanta,GA,30312
Atlanta,GA,30313
Atlanta,GA,30314
Atlanta,GA,30315
Atlanta,GA,30316
Atlanta,GA,30317
Atlanta,GA,30318
Atlanta,GA,30319
Atlanta,GA,30322
Atlanta,GA,30324
Atlanta,GA,30325
Atlanta,GA,30326
Atlanta,GA,30327
Atlanta,GA,30328
Atlanta,GA,30329
Atlanta,GA,30331
Atlanta,GA,30332
Atlanta,GA,30333
Atlanta,GA,30337
Atlanta,GA,30338
Atlanta,GA,30339
Atlanta,GA,30340
Atlanta,GA,30341
Atlanta,GA,30342
Atlanta,GA,30343
Atlanta,GA,30344
Atlanta,GA,30345
Atlanta,GA,30346
Atlanta,GA,30349
Atlanta,GA,30350
Atlanta,GA,30354
Atlanta,GA,30355
Atlanta,GA,30357
Atlanta,GA,30359
Atlanta,GA,30360
Atlanta,GA,30363
Atlanta,GA,30364
Atlanta,GA,30366
Atlanta,GA,30519
Atlanta,GA,31106
Atlanta,GA,31107
Atlanta,GA,31126
Atlanta,GA,31131
Atlanta,GA,31141
Atlanta,GA,31145
Daytona Beach,FL,32110
Daytona Beach,FL,32114
Daytona Beach,FL,32117
Daytona Beach,FL,32118
Daytona Beach,FL,32119
Daytona Beach,FL,32124
Daytona Beach,FL,32127
Daytona Beach,FL,32128
Daytona Beach,FL,32129
Daytona Beach,FL,32130
Daytona Beach,FL,32132
Ocala,FL,32133
Daytona Beach,FL,32136
Daytona Beach,FL,32137
Daytona Beach,FL,32141
Ocala,FL,32159
Ocala,FL,32162
Ocala,FL,32163
Daytona Beach,FL,32164
Daytona Beach,FL,32168
Daytona Beach,FL,32169
Daytona Beach,FL,32174
Daytona Beach,FL,32176
Ocala,FL,32179
Ocala,FL,32195
Orlando,FL,32701
Orlando,FL,32703
Orlando,FL,32707
Orlando,FL,32708
Orlando,FL,32712
Daytona Beach,FL,32713
Orlando,FL,32714
Daytona Beach,FL,32720
Daytona Beach,FL,32724
Daytona Beach,FL,32725
Orlando,FL,32726
Orlando,FL,32730
Orlando,FL,32732
Daytona Beach,FL,32738
Daytona Beach,FL,32744
Orlando,FL,32746
Orlando,FL,32750
Orlando,FL,32751
Orlando,FL,32757
Daytona Beach,FL,32763
Orlando,FL,32765
Orlando,FL,32766
Orlando,FL,32771
Orlando,FL,32773
Orlando,FL,32776
Orlando,FL,32778
Orlando,FL,32779
Orlando,FL,32789
Orlando,FL,32792
Orlando,FL,32798
Orlando,FL,32801
Orlando,FL,32803
Orlando,FL,32804
Orlando,FL,32805
Orlando,FL,32806
Orlando,FL,32807
Orlando,FL,32808
Orlando,FL,32809
Orlando,FL,32810
Orlando,FL,32811
Orlando,FL,32812
Orlando,FL,32814
Orlando,FL,32816
Orlando,FL,32817
Orlando,FL,32818
Orlando,FL,32819
Orlando,FL,32820
Orlando,FL,32821
Orlando,FL,32822
Orlando,FL,32824
Orlando,FL,32825
Orlando,FL,32826
Orlando,FL,32827
Orlando,FL,32828
Orlando,FL,32829
Orlando,FL,32830
Orlando,FL,32831
Orlando,FL,32832
Orlando,FL,32833
Orlando,FL,32835
Orlando,FL,32836
Orlando,FL,32837
Orlando,FL,32839
Fort Lauderdale,FL,33002
Fort Lauderdale,FL,33004
Fort Lauderdale,FL,33009
Fort Lauderdale,FL,33010
Fort Lauderdale,FL,33011
Fort Lauderdale,FL,33012
Fort Lauderdale,FL,33013
Fort Lauderdale,FL,33014
Fort Lauderdale,FL,33015
Fort Lauderdale,FL,33016
Fort Lauderdale,FL,33017
Fort Lauderdale,FL,33019
Fort Lauderdale,FL,33020
Fort Lauderdale,FL,33021
Fort Lauderdale,FL,33022
Fort Lauderdale,FL,33023
Fort Lauderdale,FL,33024
Fort Lauderdale,FL,33025
Fort Lauderdale,FL,33026
Fort Lauderdale,FL,33027
Fort Lauderdale,FL,33028
Fort Lauderdale,FL,33054
Fort Lauderdale,FL,33055
Fort Lauderdale,FL,33056
Fort Lauderdale,FL,33060
Fort Lauderdale,FL,33062
Fort Lauderdale,FL,33063
Fort Lauderdale,FL,33064
Fort Lauderdale,FL,33066
Fort Lauderdale,FL,33068
Fort Lauderdale,FL,33069
Fort Lauderdale,FL,33081
Fort Lauderdale,FL,33083
Fort Lauderdale,FL,33084
Fort Lauderdale,FL,33102
Fort Lauderdale,FL,33114
Fort Lauderdale,FL,33116
Fort Lauderdale,FL,33119
Fort Lauderdale,FL,33124
Fort Lauderdale,FL,33125
Fort Lauderdale,FL,33127
Fort Lauderdale,FL,33133
Fort Lauderdale,FL,33134
Fort Lauderdale,FL,33135
Fort Lauderdale,FL,33142
Fort Lauderdale,FL,33143
Fort Lauderdale,FL,33145
Fort Lauderdale,FL,33147
Fort Lauderdale,FL,33150
Fort Lauderdale,FL,33152
Fort Lauderdale,FL,33153
Fort Lauderdale,FL,33155
Fort Lauderdale,FL,33156
Fort Lauderdale,FL,33157
Fort Lauderdale,FL,33160
Fort Lauderdale,FL,33161
Fort Lauderdale,FL,33162
Fort Lauderdale,FL,33163
Fort Lauderdale,FL,33164
Fort Lauderdale,FL,33165
Fort Lauderdale,FL,33166
Fort Lauderdale,FL,33167
Fort Lauderdale,FL,33168
Fort Lauderdale,FL,33169
Fort Lauderdale,FL,33173
Fort Lauderdale,FL,33175
Fort Lauderdale,FL,33176
Fort Lauderdale,FL,33179
Fort Lauderdale,FL,33180
Fort Lauderdale,FL,33181
Fort Lauderdale,FL,33183
Fort Lauderdale,FL,33186
Fort Lauderdale,FL,33197
Fort Lauderdale,FL,33222
Fort Lauderdale,FL,33231
Fort Lauderdale,FL,33233
Fort Lauderdale,FL,33234
Fort Lauderdale,FL,33238
Fort Lauderdale,FL,33239
Fort Lauderdale,FL,33242
Fort Lauderdale,FL,33243
Fort Lauderdale,FL,33245
Fort Lauderdale,FL,33247
Fort Lauderdale,FL,33255
Fort Lauderdale,FL,33256
Fort Lauderdale,FL,33257
Fort Lauderdale,FL,33261
Fort Lauderdale,FL,33265
Fort Lauderdale,FL,33266
Fort Lauderdale,FL,33269
Fort Lauderdale,FL,33283
Fort Lauderdale,FL,33296
Fort Lauderdale,FL,33301
Fort Lauderdale,FL,33303
Fort Lauderdale,FL,33304
Fort Lauderdale,FL,33305
Fort Lauderdale,FL,33306
Fort Lauderdale,FL,33308
Fort Lauderdale,FL,33309
Fort Lauderdale,FL,33310
Fort Lauderdale,FL,33311
Fort Lauderdale,FL,33312
Fort Lauderdale,FL,33313
Fort Lauderdale,FL,33314
Fort Lauderdale,FL,33315
Fort Lauderdale,FL,33316
Fort Lauderdale,FL,33317
Fort Lauderdale,FL,33318
Fort Lauderdale,FL,33319
Fort Lauderdale,FL,33321
Fort Lauderdale,FL,33322
Fort Lauderdale,FL,33324
Fort Lauderdale,FL,33328
Fort Lauderdale,FL,33334
Fort Lauderdale,FL,33335
Fort Lauderdale,FL,33336
Fort Lauderdale,FL,33337
Fort Lauderdale,FL,33338
Fort Lauderdale,FL,33345
Fort Lauderdale,FL,33346
Fort Lauderdale,FL,33351
Fort Lauderdale,FL,33355
Fort Lauderdale,FL,33388
Fort Lauderdale,FL,33394
Fort Lauderdale,FL,33431
Fort Lauderdale,FL,33432
Fort Lauderdale,FL,33433
Fort Lauderdale,FL,33434
Fort Lauderdale,FL,33441
Fort Lauderdale,FL,33442
Fort Lauderdale,FL,33445
Fort Lauderdale,FL,33486
Fort Lauderdale,FL,33487
Tampa,FL,33503
Tampa,FL,33510
Tampa,FL,33511
Ocala,FL,33521
Tampa,FL,33534
Ocala,FL,33538
Tampa,FL,33548
Tampa,FL,33549
Tampa,FL,33556
Tampa,FL,33558
Tampa,FL,33559
Tampa,FL,33569
Tampa,FL,33572
Tampa,FL,33573
Tampa,FL,33578
Tampa,FL,33579
Ocala,FL,33585
Tampa,FL,33601
Tampa,FL,33602
Tampa,FL,33603
Tampa,FL,33604
Tampa,FL,33605
Tampa,FL,33606
Tampa,FL,33607
Tampa,FL,33608
Tampa,FL,33609
Tampa,FL,33610
Tampa,FL,33611
Tampa,FL,33612
Tampa,FL,33613
Tampa,FL,33614
Tampa,FL,33615
Tampa,FL,33616
Tampa,FL,33617
Tampa,FL,33618
Tampa,FL,33619
Tampa,FL,33620
Tampa,FL,33622
Tampa,FL,33624
Tampa,FL,33625
Tampa,FL,33626
Tampa,FL,33629
Tampa,FL,33634
Tampa,FL,33635
Tampa,FL,33637
Tampa,FL,33646
Tampa,FL,33647
Tampa,FL,33672
Tampa,FL,33673
Tampa,FL,33674
Tampa,FL,33675
Tampa,FL,33677
Tampa,FL,33680
Tampa,FL,33682
Tampa,FL,33684
Tampa,FL,33685
Tampa,FL,33687
Tampa,FL,33688
Tampa,FL,33689
Tampa,FL,33694
Tampa,FL,33701
Tampa,FL,33702
Tampa,FL,33703
Tampa,FL,33704
Tampa,FL,33705
Tampa,FL,33707
Tampa,FL,33709
Tampa,FL,33710
Tampa,FL,33711
Tampa,FL,33712
Tampa,FL,33713
Tampa,FL,33714
Tampa,FL,33716
Tampa,FL,33730
Tampa,FL,33731
Tampa,FL,33732
Tampa,FL,33733
Tampa,FL,33742
Tampa,FL,33743
Tampa,FL,33755
Tampa,FL,33756
Tampa,FL,33757
Tampa,FL,33758
Tampa,FL,33759
Tampa,FL,33760
Tampa,FL,33761
Tampa,FL,33762
Tampa,FL,33763
Tampa,FL,33764
Tampa,FL,33765
Tampa,FL,33766
Tampa,FL,33771
Tampa,FL,33773
Tampa,FL,33775
Tampa,FL,33777
Tampa,FL,33779
Tampa,FL,33780
Tampa,FL,33781
Tampa,FL,33782
Orlando,FL,33837
Orlando,FL,33844
Orlando,FL,33848
Orlando,FL,33896
Orlando,FL,33897
Fort Myers,FL,33901
Fort Myers,FL,33902
Fort Myers,FL,33903
Fort Myers,FL,33904
Fort Myers,FL,33905
Fort Myers,FL,33906
Fort Myers,FL,33907
Fort Myers,FL,33908
Fort Myers,FL,33909
Fort Myers,FL,33910
Fort Myers,FL,33911
Fort Myers,FL,33912
Fort Myers,FL,33913
Fort Myers,FL,33914
Fort Myers,FL,33915
Fort Myers,FL,33916
Fort Myers,FL,33917
Fort Myers,FL,33918
Fort Myers,FL,33919
Fort Myers,FL,33920
Fort Myers,FL,33928
Fort Myers,FL,33929
Fort Myers,FL,33931
Fort Myers,FL,33932
Fort Myers,FL,33936
Fort Myers,FL,33965
Fort Myers,FL,33966
Fort Myers,FL,33967
Fort Myers,FL,33970
Fort Myers,FL,33971
Fort Myers,FL,33972
Fort Myers,FL,33973
Fort Myers,FL,33974
Fort Myers,FL,33976
Fort Myers,FL,33982
Fort Myers,FL,33990
Fort Myers,FL,33991
Fort Myers,FL,33993
Fort Myers,FL,33994
Fort Myers,FL,34133
Fort Myers,FL,34134
Fort Myers,FL,34135
Fort Myers,FL,34136
Ocala,FL,34420
Ocala,FL,34432
Ocala,FL,34470
Ocala,FL,34471
Ocala,FL,34472
Ocala,FL,34473
Ocala,FL,34474
Ocala,FL,34475
Ocala,FL,34476
Ocala,FL,34479
Ocala,FL,34480
Ocala,FL,34481
Ocala,FL,34482
Ocala,FL,34483
Ocala,FL,34484
Ocala,FL,34489
Ocala,FL,34491
Tampa,FL,34652
Tampa,FL,34653
Tampa,FL,34654
Tampa,FL,34655
Tampa,FL,34660
Tampa,FL,34668
Tampa,FL,34677
Tampa,FL,34681
Tampa,FL,34682
Tampa,FL,34683
Tampa,FL,34684
Tampa,FL,34685
Tampa,FL,34688
Tampa,FL,34689
Tampa,FL,34690
Tampa,FL,34691
Tampa,FL,34695
Tampa,FL,34697
Tampa,FL,34698
Orlando,FL,34705
Orlando,FL,34711
Orlando,FL,34714
Orlando,FL,34715
Ocala,FL,34731
Orlando,FL,34734
Orlando,FL,34736
Orlando,FL,34737
Orlando,FL,34741
Orlando,FL,34743
Orlando,FL,34744
Orlando,FL,34746
Orlando,FL,34747
Ocala,FL,34748
Orlando,FL,34753
Orlando,FL,34756
Orlando,FL,34758
Orlando,FL,34759
Orlando,FL,34760
Orlando,FL,34761
Ocala,FL,34762
Orlando,FL,34769
Orlando,FL,34771
Orlando,FL,34772
Ocala,FL,34785
Orlando,FL,34786
Orlando,FL,34787
Columbus,OH,43001
Columbus,OH,43002
Columbus,OH,43004
Columbus,OH,43008
Columbus,OH,43013
Columbus,OH,43015
Columbus,OH,43016
Columbus,OH,43017
Columbus,OH,43018
Columbus,OH,43021
Columbus,OH,43023
Columbus,OH,43025
Columbus,OH,43026
Columbus,OH,43031
Columbus,OH,43033
Columbus,OH,43035
Columbus,OH,43040
Columbus,OH,43046
Columbus,OH,43054
Columbus,OH,43055
Columbus,OH,43056
Columbus,OH,43058
Columbus,OH,43062
Columbus,OH,43064
Columbus,OH,43065
Columbus,OH,43068
Columbus,OH,43074
Columbus,OH,43076
Columbus,OH,43077
Columbus,OH,43081
Columbus,OH,43082
Columbus,OH,43085
Columbus,OH,43086
Columbus,OH,43103
Columbus,OH,43109
Columbus,OH,43110
Columbus,OH,43112
Columbus,OH,43113
Columbus,OH,43116
Columbus,OH,43119
Columbus,OH,43123
Columbus,OH,43125
Columbus,OH,43126
Columbus,OH,43130
Columbus,OH,43136
Columbus,OH,43137
Columbus,OH,43140
Columbus,OH,43146
Columbus,OH,43147
Columbus,OH,43162
Columbus,OH,43201
Columbus,OH,43202
Columbus,OH,43203
Columbus,OH,43204
Columbus,OH,43205
Columbus,OH,43206
Columbus,OH,43207
Columbus,OH,43209
Columbus,OH,43210
Columbus,OH,43211
Columbus,OH,43212
Columbus,OH,43213
Columbus,OH,43214
Columbus,OH,43215
Columbus,OH,43216
Columbus,OH,43217
Columbus,OH,43218
Columbus,OH,43219
Columbus,OH,43220
Columbus,OH,43221
Columbus,OH,43222
Columbus,OH,43223
Columbus,OH,43224
Columbus,OH,43226
Columbus,OH,43227
Columbus,OH,43228
Columbus,OH,43229
Columbus,OH,43230
Columbus,OH,43231
Columbus,OH,43232
Columbus,OH,43235
Columbus,OH,43240
Minneapolis,MN,55001
Minneapolis,MN,55003
Minneapolis,MN,55005
Minneapolis,MN,55010
Minneapolis,MN,55011
Minneapolis,MN,55014
Minneapolis,MN,55016
Minneapolis,MN,55020
Minneapolis,MN,55024
Minneapolis,MN,55025
Minneapolis,MN,55031
Minneapolis,MN,55033
Minneapolis,MN,55038
Minneapolis,MN,55042
Minneapolis,MN,55043
Minneapolis,MN,55044
Minneapolis,MN,55047
Minneapolis,MN,55054
Minneapolis,MN,55055
Minneapolis,MN,55065
Minneapolis,MN,55068
Minneapolis,MN,55070
Minneapolis,MN,55071
Minneapolis,MN,55073
Minneapolis,MN,55075
Minneapolis,MN,55076
Minneapolis,MN,55077
Minneapolis,MN,55082
Minneapolis,MN,55083
Minneapolis,MN,55085
Minneapolis,MN,55090
Minneapolis,MN,55092
Minneapolis,MN,55101
Minneapolis,MN,55102
Minneapolis,MN,55103
Minneapolis,MN,55104
Minneapolis,MN,55105
Minneapolis,MN,55106
Minneapolis,MN,55107
Minneapolis,MN,55108
Minneapolis,MN,55109
Minneapolis,MN,55110
Minneapolis,MN,55111
Minneapolis,MN,55112
Minneapolis,MN,55113
Minneapolis,MN,55114
Minneapolis,MN,55115
Minneapolis,MN,55116
Minneapolis,MN,55117
Minneapolis,MN,55118
Minneapolis,MN,55119
Minneapolis,MN,55120
Minneapolis,MN,55121
Minneapolis,MN,55122
Minneapolis,MN,55123
Minneapolis,MN,55124
Minneapolis,MN,55125
Minneapolis,MN,55126
Minneapolis,MN,55127
Minneapolis,MN,55128
Minneapolis,MN,55129
Minneapolis,MN,55130
Minneapolis,MN,55131
Minneapolis,MN,55133
Minneapolis,MN,55144
Minneapolis,MN,55145
Minneapolis,MN,55146
Minneapolis,MN,55150
Minneapolis,MN,55155
Minneapolis,MN,55164
Minneapolis,MN,55170
Minneapolis,MN,55303
Minneapolis,MN,55304
Minneapolis,MN,55305
Minneapolis,MN,55306
Minneapolis,MN,55311
Minneapolis,MN,55315
Minneapolis,MN,55316
Minneapolis,MN,55317
Minneapolis,MN,55318
Minneapolis,MN,55322
Minneapolis,MN,55323
Minneapolis,MN,55327
Minneapolis,MN,55331
Minneapolis,MN,55337
Minneapolis,MN,55339
Minneapolis,MN,55340
Minneapolis,MN,55343
Minneapolis,MN,55344
Minneapolis,MN,55345
Minneapolis,MN,55346
Minneapolis,MN,55347
Minneapolis,MN,55352
Minneapolis,MN,55356
Minneapolis,MN,55357
Minneapolis,MN,55359
Minneapolis,MN,55360
Minneapolis,MN,55361
Minneapolis,MN,55364
Minneapolis,MN,55367
Minneapolis,MN,55368
Minneapolis,MN,55369
Minneapolis,MN,55372
Minneapolis,MN,55373
Minneapolis,MN,55374
Minneapolis,MN,55375
Minneapolis,MN,55378
Minneapolis,MN,55379
Minneapolis,MN,55384
Minneapolis,MN,55386
Minneapolis,MN,55387
Minneapolis,MN,55388
Minneapolis,MN,55391
Minneapolis,MN,55397
Minneapolis,MN,55401
Minneapolis,MN,55402
Minneapolis,MN,55403
Minneapolis,MN,55404
Minneapolis,MN,55405
Minneapolis,MN,55406
Minneapolis,MN,55407
Minneapolis,MN,55408
Minneapolis,MN,55409
Minneapolis,MN,55410
Minneapolis,MN,55411
Minneapolis,MN,55412
Minneapolis,MN,55413
Minneapolis,MN,55414
Minneapolis,MN,55415
Minneapolis,MN,55416
Minneapolis,MN,55417
Minneapolis,MN,55418
Minneapolis,MN,55419
Minneapolis,MN,55420
Minneapolis,MN,55421
Minneapolis,MN,55422
Minneapolis,MN,55423
Minneapolis,MN,55424
Minneapolis,MN,55425
Minneapolis,MN,55426
Minneapolis,MN,55427
Minneapolis,MN,55428
Minneapolis,MN,55429
Minneapolis,MN,55430
Minneapolis,MN,55431
Minneapolis,MN,55432
Minneapolis,MN,55433
Minneapolis,MN,55434
Minneapolis,MN,55435
Minneapolis,MN,55436
Minneapolis,MN,55437
Minneapolis,MN,55438
Minneapolis,MN,55439
Minneapolis,MN,55440
Minneapolis,MN,55441
Minneapolis,MN,55442
Minneapolis,MN,55443
Minneapolis,MN,55444
Minneapolis,MN,55445
Minneapolis,MN,55446
Minneapolis,MN,55447
Minneapolis,MN,55448
Minneapolis,MN,55449
Minneapolis,MN,55450
Minneapolis,MN,55454
Minneapolis,MN,55455
Minneapolis,MN,55458
Minneapolis,MN,55459
Minneapolis,MN,55467
Minneapolis,MN,55470
Minneapolis,MN,55472
Minneapolis,MN,55474
Minneapolis,MN,55478
Minneapolis,MN,55479
Minneapolis,MN,55480
Minneapolis,MN,55483
Minneapolis,MN,55484
Minneapolis,MN,55485
Minneapolis,MN,55486
Minneapolis,MN,55487
Minneapolis,MN,55488
Minneapolis,MN,55554
Minneapolis,MN,55569
Minneapolis,MN,55572
Minneapolis,MN,55573
Minneapolis,MN,55577
Minneapolis,MN,55592
Minneapolis,MN,55593
Minneapolis,MN,55599
Minneapolis,MN,56011
Minneapolis,MN,56071
Chicago,IL,60007
Chicago,IL,60016
Chicago,IL,60018
Chicago,IL,60022
Chicago,IL,60025
Chicago,IL,60026
Chicago,IL,60029
Chicago,IL,60043
Chicago,IL,60053
Chicago,IL,60062
Chicago,IL,60068
Chicago,IL,60070
Chicago,IL,60076
Chicago,IL,60077
Chicago,IL,60090
Chicago,IL,60091
Chicago,IL,60093
Chicago,IL,60101
Chicago,IL,60104
Chicago,IL,60106
Chicago,IL,60126
Chicago,IL,60130
Chicago,IL,60131
Chicago,IL,60137
Chicago,IL,60141
Chicago,IL,60143
Chicago,IL,60148
Chicago,IL,60153
Chicago,IL,60154
Chicago,IL,60155
Chicago,IL,60157
Chicago,IL,60160
Chicago,IL,60161
Chicago,IL,60162
Chicago,IL,60163
Chicago,IL,60164
Chicago,IL,60165
Chicago,IL,60171
Chicago,IL,60176
Chicago,IL,60181
Chicago,IL,60191
Chicago,IL,60201
Chicago,IL,60202
Chicago,IL,60203
Chicago,IL,60208
Chicago,IL,60301
Chicago,IL,60302
Chicago,IL,60304
Chicago,IL,60305
Chicago,IL,60402
Chicago,IL,60406
Chicago,IL,60409
Chicago,IL,60415
Chicago,IL,60418
Chicago,IL,60419
Chicago,IL,60426
Chicago,IL,60439
Chicago,IL,60445
Chicago,IL,60452
Chicago,IL,60453
Chicago,IL,60454
Chicago,IL,60455
Chicago,IL,60456
Chicago,IL,60457
Chicago,IL,60458
Chicago,IL,60459
Chicago,IL,60462
Chicago,IL,60463
Chicago,IL,60464
Chicago,IL,60465
Chicago,IL,60469
Chicago,IL,60472
Chicago,IL,60473
Chicago,IL,60480
Chicago,IL,60482
Chicago,IL,60501
Chicago,IL,60513
Chicago,IL,60514
Chicago,IL,60515
Chicago,IL,60516
Chicago,IL,60517
Chicago,IL,60521
Chicago,IL,60523
Chicago,IL,60525
Chicago,IL,60526
Chicago,IL,60527
Chicago,IL,60532
Chicago,IL,60534
Chicago,IL,60546
Chicago,IL,60558
Chicago,IL,60559
Chicago,IL,60561
Chicago,IL,60601
Chicago,IL,60602
Chicago,IL,60603
Chicago,IL,60604
Chicago,IL,60605
Chicago,IL,60606
Chicago,IL,60607
Chicago,IL,60608
Chicago,IL,60609
Chicago,IL,60610
Chicago,IL,60611
Chicago,IL,60612
Chicago,IL,60613
Chicago,IL,60614
Chicago,IL,60615
Chicago,IL,60616
Chicago,IL,60617
Chicago,IL,60618
Chicago,IL,60619
Chicago,IL,60620
Chicago,IL,60621
Chicago,IL,60622
Chicago,IL,60623
Chicago,IL,60624
Chicago,IL,60625
Chicago,IL,60626
Chicago,IL,60628
Chicago,IL,60629
Chicago,IL,60630
Chicago,IL,60631
Chicago,IL,60632
Chicago,IL,60633
Chicago,IL,60634
Chicago,IL,60636
Chicago,IL,60637
Chicago,IL,60638
Chicago,IL,60639
Chicago,IL,60640
Chicago,IL,60641
Chicago,IL,60642
Chicago,IL,60643
Chicago,IL,60644
Chicago,IL,60645
Chicago,IL,60646
Chicago,IL,60647
Chicago,IL,60649
Chicago,IL,60651
Chicago,IL,60652
Chicago,IL,60653
Chicago,IL,60654
Chicago,IL,60655
Chicago,IL,60656
Chicago,IL,60657
Chicago,IL,60659
Chicago,IL,60660
Chicago,IL,60661
Chicago,IL,60666
Chicago,IL,60706
Chicago,IL,60707
Chicago,IL,60712
Chicago,IL,60714
Chicago,IL,60803
Chicago,IL,60804
Chicago,IL,60805
Chicago,IL,60827
Kansas City,KS,66007
Kansas City,KS,66012
Kansas City,KS,66013
Kansas City,KS,66018
Kansas City,KS,66021
Kansas City,KS,66025
Kansas City,KS,66027
Kansas City,KS,66030
Kansas City,KS,66031
Kansas City,KS,66036
Kansas City,KS,66043
Kansas City,KS,66044
Kansas City,KS,66045
Kansas City,KS,66046
Kansas City,KS,66047
Kansas City,KS,66048
Kansas City,KS,66049
Kansas City,KS,66052
Kansas City,KS,66053
Kansas City,KS,66061
Kansas City,KS,66062
Kansas City,KS,66083
Kansas City,KS,66085
Kansas City,KS,66086
Kansas City,KS,66092
Kansas City,KS,66101
Kansas City,KS,66102
Kansas City,KS,66103
Kansas City,KS,66104
Kansas City,KS,66105
Kansas City,KS,66106
Kansas City,KS,66109
Kansas City,KS,66111
Kansas City,KS,66112
Kansas City,KS,66113
Kansas City,KS,66115
Kansas City,KS,66118
Kansas City,KS,66119
Kansas City,KS,66160
Kansas City,KS,66202
Kansas City,KS,66203
Kansas City,KS,66204
Kansas City,KS,66205
Kansas City,KS,66206
Kansas City,KS,66207
Kansas City,KS,66208
Kansas City,KS,66209
Kansas City,KS,66210
Kansas City,KS,66211
Kansas City,KS,66212
Kansas City,KS,66213
Kansas City,KS,66214
Kansas City,KS,66215
Kansas City,KS,66216
Kansas City,KS,66217
Kansas City,KS,66218
Kansas City,KS,66219
Kansas City,KS,66220
Kansas City,KS,66221
Kansas City,KS,66223
Kansas City,KS,66224
Kansas City,KS,66226
Kansas City,KS,66227
Kansas City,KS,66250
Kansas City,KS,66251
Kansas City,KS,66286
Little Rock,AR,71602
Little Rock,AR,72002
Little Rock,AR,72007
Little Rock,AR,72011
Little Rock,AR,72012
Little Rock,AR,72015
Little Rock,AR,72018
Little Rock,AR,72019
Little Rock,AR,72022
Little Rock,AR,72023
Little Rock,AR,72024
Little Rock,AR,72032
Little Rock,AR,72033
Little Rock,AR,72034
Little Rock,AR,72035
Little Rock,AR,72037
Little Rock,AR,72046
Little Rock,AR,72053
Little Rock,AR,72065
Little Rock,AR,72076
Little Rock,AR,72078
Little Rock,AR,72079
Little Rock,AR,72083
Little Rock,AR,72086
Little Rock,AR,72089
Little Rock,AR,72099
Little Rock,AR,72103
Little Rock,AR,72106
Little Rock,AR,72113
Little Rock,AR,72114
Little Rock,AR,72115
Little Rock,AR,72116
Little Rock,AR,72117
Little Rock,AR,72118
Little Rock,AR,72119
Little Rock,AR,72120
Little Rock,AR,72124
Little Rock,AR,72129
Little Rock,AR,72132
Little Rock,AR,72135
Little Rock,AR,72142
Little Rock,AR,72150
Little Rock,AR,72158
Little Rock,AR,72164
Little Rock,AR,72176
Little Rock,AR,72180
Little Rock,AR,72181
Little Rock,AR,72183
Little Rock,AR,72190
Little Rock,AR,72199
Little Rock,AR,72201
Little Rock,AR,72202
Little Rock,AR,72203
Little Rock,AR,72204
Little Rock,AR,72205
Little Rock,AR,72206
Little Rock,AR,72207
Little Rock,AR,72209
Little Rock,AR,72210
Little Rock,AR,72211
Little Rock,AR,72212
Little Rock,AR,72214
Little Rock,AR,72215
Little Rock,AR,72216
Little Rock,AR,72217
Little Rock,AR,72219
Little Rock,AR,72221
Little Rock,AR,72222
Little Rock,AR,72223
Little Rock,AR,72225
Little Rock,AR,72227
Little Rock,AR,72231
Little Rock,AR,72255
Little Rock,AR,72260
Little Rock,AR,72295
Tulsa,OK,74008
Tulsa,OK,74010
Tulsa,OK,74011
Tulsa,OK,74012
Tulsa,OK,74014
Tulsa,OK,74015
Tulsa,OK,74017
Tulsa,OK,74019
Tulsa,OK,74020
Tulsa,OK,74021
Tulsa,OK,74033
Tulsa,OK,74036
Tulsa,OK,74037
Tulsa,OK,74039
Tulsa,OK,74041
Tulsa,OK,74044
Tulsa,OK,74047
Tulsa,OK,74053
Tulsa,OK,74055
Tulsa,OK,74060
Tulsa,OK,74063
Tulsa,OK,74066
Tulsa,OK,74068
Tulsa,OK,74070
Tulsa,OK,74073
Tulsa,OK,74080
Tulsa,OK,74081
Tulsa,OK,74103
Tulsa,OK,74104
Tulsa,OK,74105
Tulsa,OK,74106
Tulsa,OK,74107
Tulsa,OK,74108
Tulsa,OK,74110
Tulsa,OK,74112
Tulsa,OK,74114
Tulsa,OK,74115
Tulsa,OK,74116
Tulsa,OK,74117
Tulsa,OK,74119
Tulsa,OK,74120
Tulsa,OK,74126
Tulsa,OK,74127
Tulsa,OK,74128
Tulsa,OK,74129
Tulsa,OK,74130
Tulsa,OK,74131
Tulsa,OK,74132
Tulsa,OK,74133
Tulsa,OK,74134
Tulsa,OK,74135
Tulsa,OK,74136
Tulsa,OK,74137
Tulsa,OK,74145
Tulsa,OK,74146
Tulsa,OK,74401
Tulsa,OK,74403
Tulsa,OK,74421
Tulsa,OK,74429
Tulsa,OK,74454
Tulsa,OK,74458
Tulsa,OK,74467
Dallas,TX,75001
Dallas,TX,75002
Dallas,TX,75006
Dallas,TX,75007
Dallas,TX,75010
Dallas,TX,75011
Dallas,TX,75013
Dallas,TX,75014
Dallas,TX,75015
Dallas,TX,75016
Dallas,TX,75017
Dallas,TX,75019
Dallas,TX,75022
Dallas,TX,75023
Dallas,TX,75024
Dallas,TX,75025
Dallas,TX,75026
Dallas,TX,75028
Dallas,TX,75032
Dallas,TX,75033
Dallas,TX,75034
Dallas,TX,75035
Dallas,TX,75036
Dallas,TX,75037
Dallas,TX,75038
Dallas,TX,75039
Dallas,TX,75040
Dallas,TX,75041
Dallas,TX,75042
Dallas,TX,75043
Dallas,TX,75044
Dallas,TX,75046
Dallas,TX,75048
Fort Worth,TX,75050
Fort Worth,TX,75051
Fort Worth,TX,75052
Fort Worth,TX,75054
Dallas,TX,75056
Dallas,TX,75057
Fort Worth,TX,75060
Fort Worth,TX,75061
Dallas,TX,75062
Dallas,TX,75063
Fort Worth,TX,75065
Dallas,TX,75067
Dallas,TX,75068
Dallas,TX,75069
Dallas,TX,75070
Dallas,TX,75071
Dallas,TX,75072
Dallas,TX,75074
Dallas,TX,75075
Dallas,TX,75077
Dallas,TX,75078
Dallas,TX,75080
Dallas,TX,75081
Dallas,TX,75082
Dallas,TX,75083
Dallas,TX,75085
Dallas,TX,75087
Dallas,TX,75088
Dallas,TX,75089
Dallas,TX,75093
Dallas,TX,75094
Dallas,TX,75098
Dallas,TX,75104
Dallas,TX,75115
Dallas,TX,75116
Dallas,TX,75126
Dallas,TX,75137
Dallas,TX,75149
Dallas,TX,75150
Dallas,TX,75180
Dallas,TX,75181
Dallas,TX,75182
Dallas,TX,75201
Dallas,TX,75202
Dallas,TX,75203
Dallas,TX,75204
Dallas,TX,75205
Dallas,TX,75206
Dallas,TX,75207
Dallas,TX,75208
Dallas,TX,75209
Dallas,TX,75210
Dallas,TX,75211
Dallas,TX,75212
Dallas,TX,75214
Dallas,TX,75215
Dallas,TX,75216
Dallas,TX,75217
Dallas,TX,75218
Dallas,TX,75219
Dallas,TX,75220
Dallas,TX,75221
Dallas,TX,75223
Dallas,TX,75224
Dallas,TX,75225
Dallas,TX,75226
Dallas,TX,75227
Dallas,TX,75228
Dallas,TX,75229
Dallas,TX,75230
Dallas,TX,75231
Dallas,TX,75232
Dallas,TX,75233
Dallas,TX,75234
Dallas,TX,75235
Dallas,TX,75236
Dallas,TX,75237
Dallas,TX,75238
Dallas,TX,75240
Dallas,TX,75241
Dallas,TX,75242
Dallas,TX,75243
Dallas,TX,75244
Dallas,TX,75246
Dallas,TX,75247
Dallas,TX,75248
Dallas,TX,75249
Dallas,TX,75251
Dallas,TX,75252
Dallas,TX,75254
Fort Worth,TX,75261
Dallas,TX,75270
Dallas,TX,75275
Dallas,TX,75283
Dallas,TX,75284
Dallas,TX,75287
Dallas,TX,75326
Dallas,TX,75342
Dallas,TX,75355
Dallas,TX,75358
Dallas,TX,75368
Dallas,TX,75371
Dallas,TX,75389
Dallas,TX,75390
Dallas,TX,75391
Dallas,TX,75392
Dallas,TX,75394
Dallas,TX,75397
Dallas,TX,75398
Fort Worth,TX,76001
Fort Worth,TX,76002
Fort Worth,TX,76005
Fort Worth,TX,76006
Fort Worth,TX,76008
Fort Worth,TX,76009
Fort Worth,TX,76010
Fort Worth,TX,76011
Fort Worth,TX,76012
Fort Worth,TX,76013
Fort Worth,TX,76014
Fort Worth,TX,76015
Fort Worth,TX,76016
Fort Worth,TX,76017
Fort Worth,TX,76018
Fort Worth,TX,76019
Fort Worth,TX,76021
Fort Worth,TX,76022
Fort Worth,TX,76028
Fort Worth,TX,76031
Fort Worth,TX,76033
Fort Worth,TX,76034
Fort Worth,TX,76036
Fort Worth,TX,76039
Fort Worth,TX,76040
Fort Worth,TX,76044
Fort Worth,TX,76051
Fort Worth,TX,76052
Fort Worth,TX,76053
Fort Worth,TX,76054
Fort Worth,TX,76058
Fort Worth,TX,76059
Fort Worth,TX,76060
Fort Worth,TX,76063
Fort Worth,TX,76092
Fort Worth,TX,76097
Fort Worth,TX,76102
Fort Worth,TX,76103
Fort Worth,TX,76104
Fort Worth,TX,76105
Fort Worth,TX,76106
Fort Worth,TX,76107
Fort Worth,TX,76108
Fort Worth,TX,76109
Fort Worth,TX,76110
Fort Worth,TX,76111
Fort Worth,TX,76112
Fort Worth,TX,76114
Fort Worth,TX,76115
Fort Worth,TX,76116
Fort Worth,TX,76117
Fort Worth,TX,76118
Fort Worth,TX,76119
Fort Worth,TX,76120
Fort Worth,TX,76122
Fort Worth,TX,76123
Fort Worth,TX,76126
Fort Worth,TX,76127
Fort Worth,TX,76129
Fort Worth,TX,76131
Fort Worth,TX,76132
Fort Worth,TX,76133
Fort Worth,TX,76134
Fort Worth,TX,76135
Fort Worth,TX,76137
Fort Worth,TX,76140
Fort Worth,TX,76148
Fort Worth,TX,76155
Fort Worth,TX,76164
Fort Worth,TX,76177
Fort Worth,TX,76179
Fort Worth,TX,76180
Fort Worth,TX,76182
Fort Worth,TX,76201
Fort Worth,TX,76202
Fort Worth,TX,76203
Fort Worth,TX,76204
Fort Worth,TX,76205
Fort Worth,TX,76206
Fort Worth,TX,76207
Fort Worth,TX,76208
Fort Worth,TX,76209
Fort Worth,TX,76210
Fort Worth,TX,76226
Fort Worth,TX,76244
Fort Worth,TX,76247
Fort Worth,TX,76248
Fort Worth,TX,76262
Houston,TX,77002
Houston,TX,77003
Houston,TX,77004
Houston,TX,77005
Houston,TX,77006
Houston,TX,77007
Houston,TX,77008
Houston,TX,77009
Houston,TX,77010
Houston,TX,77011
Houston,TX,77012
Houston,TX,77013
Houston,TX,77014
Houston,TX,77015
Houston,TX,77016
Houston,TX,77017
Houston,TX,77018
Houston,TX,77019
Houston,TX,77020
Houston,TX,77021
Houston,TX,77022
Houston,TX,77023
Houston,TX,77024
Houston,TX,77025
Houston,TX,77026
Houston,TX,77027
Houston,TX,77028
Houston,TX,77029
Houston,TX,77030
Houston,TX,77031
Houston,TX,77032
Houston,TX,77033
Houston,TX,77034
Houston,TX,77035
Houston,TX,77036
Houston,TX,77037
Houston,TX,77038
Houston,TX,77039
Houston,TX,77040
Houston,TX,77041
Houston,TX,77042
Houston,TX,77043
Houston,TX,77044
Houston,TX,77045
Houston,TX,77046
Houston,TX,77047
Houston,TX,77048
Houston,TX,77049
Houston,TX,77050
Houston,TX,77051
Houston,TX,77053
Houston,TX,77054
Houston,TX,77055
Houston,TX,77056
Houston,TX,77057
Houston,TX,77058
Houston,TX,77059
Houston,TX,77060
Houston,TX,77061
Houston,TX,77062
Houston,TX,77063
Houston,TX,77064
Houston,TX,77065
Houston,TX,77066
Houston,TX,77067
Houston,TX,77068
Houston,TX,77069
Houston,TX,77070
Houston,TX,77071
Houston,TX,77072
Houston,TX,77073
Houston,TX,77074
Houston,TX,77075
Houston,TX,77076
Houston,TX,77077
Houston,TX,77078
Houston,TX,77079
Houston,TX,77080
Houston,TX,77081
Houston,TX,77082
Houston,TX,77083
Houston,TX,77084
Houston,TX,77085
Houston,TX,77086
Houston,TX,77087
Houston,TX,77088
Houston,TX,77089
Houston,TX,77090
Houston,TX,77091
Houston,TX,77092
Houston,TX,77093
Houston,TX,77094
Houston,TX,77095
Houston,TX,77096
Houston,TX,77098
Houston,TX,77099
Houston,TX,77301
Houston,TX,77302
Houston,TX,77304
Houston,TX,77325
Houston,TX,77338
Houston,TX,77339
Houston,TX,77345
Houston,TX,77346
Houston,TX,77362
Houston,TX,77373
Houston,TX,77375
Houston,TX,77377
Houston,TX,77379
Houston,TX,77380
Houston,TX,77381
Houston,TX,77382
Houston,TX,77384
Houston,TX,77385
Houston,TX,77386
Houston,TX,77388
Houston,TX,77389
Houston,TX,77396
Houston,TX,77401
Houston,TX,77406
Houston,TX,77407
Houston,TX,77410
Houston,TX,77429
Houston,TX,77433
Houston,TX,77441
Houston,TX,77449
Houston,TX,77450
Houston,TX,77459
Houston,TX,77469
Houston,TX,77471
Houston,TX,77477
Houston,TX,77478
Houston,TX,77479
Houston,TX,77487
Houston,TX,77489
Houston,TX,77493
Houston,TX,77494
Houston,TX,77496
Houston,TX,77497
Houston,TX,77498
Houston,TX,77501
Houston,TX,77502
Houston,TX,77503
Houston,TX,77504
Houston,TX,77505
Houston,TX,77506
Houston,TX,77507
Houston,TX,77508
Houston,TX,77518
Houston,TX,77530
Houston,TX,77536
Houston,TX,77539
Houston,TX,77546
Houston,TX,77547
Houston,TX,77571
Houston,TX,77572
Houston,TX,77573
Houston,TX,77578
Houston,TX,77581
Houston,TX,77584
Houston,TX,77586
Houston,TX,77587
Houston,TX,77598
San Antonio,TX,78023
San Antonio,TX,78101
San Antonio,TX,78108
San Antonio,TX,78109
San Antonio,TX,78130
San Antonio,TX,78131
San Antonio,TX,78132
San Antonio,TX,78135
San Antonio,TX,78148
San Antonio,TX,78154
San Antonio,TX,78201
San Antonio,TX,78202
San Antonio,TX,78203
San Antonio,TX,78204
San Antonio,TX,78205
San Antonio,TX,78207
San Antonio,TX,78208
San Antonio,TX,78209
San Antonio,TX,78210
San Antonio,TX,78211
San Antonio,TX,78212
San Antonio,TX,78213
San Antonio,TX,78214
San Antonio,TX,78215
San Antonio,TX,78216
San Antonio,TX,78217
San Antonio,TX,78218
San Antonio,TX,78219
San Antonio,TX,78220
San Antonio,TX,78221
San Antonio,TX,78222
San Antonio,TX,78223
San Antonio,TX,78224
San Antonio,TX,78225
San Antonio,TX,78226
San Antonio,TX,78227
San Antonio,TX,78228
San Antonio,TX,78229
San Antonio,TX,78230
San Antonio,TX,78231
San Antonio,TX,78232
San Antonio,TX,78233
San Antonio,TX,78235
San Antonio,TX,78236
San Antonio,TX,78237
San Antonio,TX,78238
San Antonio,TX,78239
San Antonio,TX,78240
San Antonio,TX,78242
San Antonio,TX,78243
San Antonio,TX,78244
San Antonio,TX,78245
San Antonio,TX,78247
San Antonio,TX,78248
San Antonio,TX,78249
San Antonio,TX,78250
San Antonio,TX,78251
San Antonio,TX,78252
San Antonio,TX,78253
San Antonio,TX,78254
San Antonio,TX,78255
San Antonio,TX,78256
San Antonio,TX,78257
San Antonio,TX,78258
San Antonio,TX,78259
San Antonio,TX,78260
San Antonio,TX,78261
San Antonio,TX,78263
San Antonio,TX,78266
San Antonio,TX,78273
Denver,CO,80001
Denver,CO,80002
Denver,CO,80003
Denver,CO,80004
Denver,CO,80005
Denver,CO,80006
Denver,CO,80007
Denver,CO,80010
Denver,CO,80011
Denver,CO,80012
Denver,CO,80013
Denver,CO,80014
Denver,CO,80015
Denver,CO,80016
Denver,CO,80017
Denver,CO,80018
Denver,CO,80019
Denver,CO,80020
Denver,CO,80021
Denver,CO,80022
Denver,CO,80023
Denver,CO,80026
Denver,CO,80027
Denver,CO,80030
Denver,CO,80031
Denver,CO,80033
Denver,CO,80035
Denver,CO,80036
Denver,CO,80041
Denver,CO,80044
Denver,CO,80045
Denver,CO,80046
Denver,CO,80047
Denver,CO,80104
Denver,CO,80108
Denver,CO,80109
Denver,CO,80110
Denver,CO,80111
Denver,CO,80112
Denver,CO,80113
Denver,CO,80118
Denver,CO,80119
Denver,CO,80120
Denver,CO,80121
Denver,CO,80122
Denver,CO,80123
Denver,CO,80124
Denver,CO,80125
Denver,CO,80126
Denver,CO,80127
Denver,CO,80128
Denver,CO,80129
Denver,CO,80130
Denver,CO,80134
Denver,CO,80135
Denver,CO,80138
Denver,CO,80150
Denver,CO,80151
Denver,CO,80154
Denver,CO,80155
Denver,CO,80160
Denver,CO,80161
Denver,CO,80165
Denver,CO,80166
Denver,CO,80201
Denver,CO,80202
Denver,CO,80203
Denver,CO,80204
Denver,CO,80205
Denver,CO,80206
Denver,CO,80207
Denver,CO,80208
Denver,CO,80209
Denver,CO,80210
Denver,CO,80211
Denver,CO,80212
Denver,CO,80214
Denver,CO,80215
Denver,CO,80216
Denver,CO,80217
Denver,CO,80218
Denver,CO,80219
Denver,CO,80220
Denver,CO,80221
Denver,CO,80222
Denver,CO,80223
Denver,CO,80224
Denver,CO,80226
Denver,CO,80227
Denver,CO,80228
Denver,CO,80229
Denver,CO,80230
Denver,CO,80231
Denver,CO,80232
Denver,CO,80233
Denver,CO,80234
Denver,CO,80235
Denver,CO,80236
Denver,CO,80237
Denver,CO,80238
Denver,CO,80239
Denver,CO,80241
Denver,CO,80246
Denver,CO,80247
Denver,CO,80249
Denver,CO,80251
Denver,CO,80260
Denver,CO,80301
Denver,CO,80302
Denver,CO,80303
Denver,CO,80304
Denver,CO,80305
Denver,CO,80309
Denver,CO,80310
Denver,CO,80401
Denver,CO,80403
Denver,CO,80439
Denver,CO,80453
Denver,CO,80454
Denver,CO,80457
Denver,CO,80465
Denver,CO,80501
Denver,CO,80502
Denver,CO,80503
Denver,CO,80504
Denver,CO,80514
Denver,CO,80516
Denver,CO,80601
Denver,CO,80602
Denver,CO,80603
Denver,CO,80640
Salt Lake City,UT,84006
Salt Lake City,UT,84009
Salt Lake City,UT,84020
Salt Lake City,UT,84044
Salt Lake City,UT,84047
Salt Lake City,UT,84065
Salt Lake City,UT,84070
Salt Lake City,UT,84081
Salt Lake City,UT,84084
Salt Lake City,UT,84088
Salt Lake City,UT,84092
Salt Lake City,UT,84093
Salt Lake City,UT,84094
Salt Lake City,UT,84095
Salt Lake City,UT,84101
Salt Lake City,UT,84102
Salt Lake City,UT,84103
Salt Lake City,UT,84104
Salt Lake City,UT,84105
Salt Lake City,UT,84106
Salt Lake City,UT,84107
Salt Lake City,UT,84108
Salt Lake City,UT,84109
Salt Lake City,UT,84111
Salt Lake City,UT,84112
Salt Lake City,UT,84113
Salt Lake City,UT,84115
Salt Lake City,UT,84116
Salt Lake City,UT,84117
Salt Lake City,UT,84118
Salt Lake City,UT,84119
Salt Lake City,UT,84120
Salt Lake City,UT,84121
Salt Lake City,UT,84123
Salt Lake City,UT,84124
Salt Lake City,UT,84128
Salt Lake City,UT,84129
Salt Lake City,UT,84132
Salt Lake City,UT,84148
Phoenix,AZ,85003
Phoenix,AZ,85004
Phoenix,AZ,85006
Phoenix,AZ,85007
Phoenix,AZ,85008
Phoenix,AZ,85009
Phoenix,AZ,85012
Phoenix,AZ,85013
Phoenix,AZ,85014
Phoenix,AZ,85015
Phoenix,AZ,85016
Phoenix,AZ,85017
Phoenix,AZ,85018
Phoenix,AZ,85019
Phoenix,AZ,85020
Phoenix,AZ,85021
Phoenix,AZ,85022
Phoenix,AZ,85023
Phoenix,AZ,85024
Phoenix,AZ,85027
Phoenix,AZ,85028
Phoenix,AZ,85029
Phoenix,AZ,85031
Phoenix,AZ,85032
Phoenix,AZ,85033
Phoenix,AZ,85034
Phoenix,AZ,85035
Phoenix,AZ,85037
Phoenix,AZ,85039
Phoenix,AZ,85040
Phoenix,AZ,85041
Phoenix,AZ,85042
Phoenix,AZ,85043
Phoenix,AZ,85044
Phoenix,AZ,85045
Phoenix,AZ,85048
Phoenix,AZ,85050
Phoenix,AZ,85051
Phoenix,AZ,85053
Phoenix,AZ,85054
Phoenix,AZ,85083
Phoenix,AZ,85085
Phoenix,AZ,85086
Phoenix,AZ,85117
Phoenix,AZ,85118
Phoenix,AZ,85119
Phoenix,AZ,85120
Phoenix,AZ,85140
Phoenix,AZ,85142
Phoenix,AZ,85143
Phoenix,AZ,85144
Phoenix,AZ,85178
Phoenix,AZ,85201
Phoenix,AZ,85202
Phoenix,AZ,85203
Phoenix,AZ,85204
Phoenix,AZ,85205
Phoenix,AZ,85206
Phoenix,AZ,85207
Phoenix,AZ,85208
Phoenix,AZ,85209
Phoenix,AZ,85210
Phoenix,AZ,85211
Phoenix,AZ,85212
Phoenix,AZ,85213
Phoenix,AZ,85215
Phoenix,AZ,85224
Phoenix,AZ,85225
Phoenix,AZ,85226
Phoenix,AZ,85233
Phoenix,AZ,85234
Phoenix,AZ,85248
Phoenix,AZ,85249
Phoenix,AZ,85250
Phoenix,AZ,85251
Phoenix,AZ,85253
Phoenix,AZ,85254
Phoenix,AZ,85255
Phoenix,AZ,85257
Phoenix,AZ,85258
Phoenix,AZ,85259
Phoenix,AZ,85260
Phoenix,AZ,85262
Phoenix,AZ,85266
Phoenix,AZ,85268
Phoenix,AZ,85281
Phoenix,AZ,85282
Phoenix,AZ,85283
Phoenix,AZ,85284
Phoenix,AZ,85286
Phoenix,AZ,85295
Phoenix,AZ,85296
Phoenix,AZ,85297
Phoenix,AZ,85298
Phoenix,AZ,85301
Phoenix,AZ,85302
Phoenix,AZ,85303
Phoenix,AZ,85304
Phoenix,AZ,85305
Phoenix,AZ,85306
Phoenix,AZ,85307
Phoenix,AZ,85308
Phoenix,AZ,85309
Phoenix,AZ,85310
Phoenix,AZ,85311
Phoenix,AZ,85312
Phoenix,AZ,85318
Phoenix,AZ,85323
Phoenix,AZ,85326
Phoenix,AZ,85327
Phoenix,AZ,85329
Phoenix,AZ,85331
Phoenix,AZ,85335
Phoenix,AZ,85338
Phoenix,AZ,85340
Phoenix,AZ,85345
Phoenix,AZ,85351
Phoenix,AZ,85353
Phoenix,AZ,85363
Phoenix,AZ,85372
Phoenix,AZ,85373
Phoenix,AZ,85374
Phoenix,AZ,85375
Phoenix,AZ,85376
Phoenix,AZ,85377
Phoenix,AZ,85378
Phoenix,AZ,85379
Phoenix,AZ,85380
Phoenix,AZ,85381
Phoenix,AZ,85382
Phoenix,AZ,85383
Phoenix,AZ,85385
Phoenix,AZ,85387
Phoenix,AZ,85388
Phoenix,AZ,85392
Phoenix,AZ,85395
Phoenix,AZ,85396
Tucson,AZ,85614
Tucson,AZ,85622
Tucson,AZ,85629
Tucson,AZ,85641
Tucson,AZ,85653
Tucson,AZ,85658
Tucson,AZ,85701
Tucson,AZ,85702
Tucson,AZ,85703
Tucson,AZ,85704
Tucson,AZ,85705
Tucson,AZ,85706
Tucson,AZ,85709
Tucson,AZ,85710
Tucson,AZ,85711
Tucson,AZ,85712
Tucson,AZ,85713
Tucson,AZ,85714
Tucson,AZ,85715
Tucson,AZ,85716
Tucson,AZ,85717
Tucson,AZ,85718
Tucson,AZ,85719
Tucson,AZ,85721
Tucson,AZ,85723
Tucson,AZ,85724
Tucson,AZ,85725
Tucson,AZ,85726
Tucson,AZ,85728
Tucson,AZ,85730
Tucson,AZ,85731
Tucson,AZ,85732
Tucson,AZ,85733
Tucson,AZ,85735
Tucson,AZ,85737
Tucson,AZ,85739
Tucson,AZ,85740
Tucson,AZ,85741
Tucson,AZ,85742
Tucson,AZ,85743
Tucson,AZ,85745
Tucson,AZ,85746
Tucson,AZ,85747
Tucson,AZ,85748
Tucson,AZ,85749
Tucson,AZ,85750
Tucson,AZ,85751
Tucson,AZ,85752
Tucson,AZ,85754
Tucson,AZ,85755
Tucson,AZ,85756
Tucson,AZ,85757
Tucson,AZ,85775
Las Vegas,NV,89002
Las Vegas,NV,89005
Las Vegas,NV,89011
Las Vegas,NV,89012
Las Vegas,NV,89014
Las Vegas,NV,89015
Las Vegas,NV,89030
Las Vegas,NV,89031
Las Vegas,NV,89032
Las Vegas,NV,89044
Las Vegas,NV,89052
Las Vegas,NV,89074
Las Vegas,NV,89081
Las Vegas,NV,89084
Las Vegas,NV,89085
Las Vegas,NV,89086
Las Vegas,NV,89101
Las Vegas,NV,89102
Las Vegas,NV,89103
Las Vegas,NV,89104
Las Vegas,NV,89106
Las Vegas,NV,89107
Las Vegas,NV,89108
Las Vegas,NV,89109
Las Vegas,NV,89110
Las Vegas,NV,89111
Las Vegas,NV,89113
Las Vegas,NV,89114
Las Vegas,NV,89115
Las Vegas,NV,89117
Las Vegas,NV,89118
Las Vegas,NV,89119
Las Vegas,NV,89120
Las Vegas,NV,89121
Las Vegas,NV,89122
Las Vegas,NV,89123
Las Vegas,NV,89128
Las Vegas,NV,89129
Las Vegas,NV,89130
Las Vegas,NV,89131
Las Vegas,NV,89134
Las Vegas,NV,89135
Las Vegas,NV,89138
Las Vegas,NV,89139
Las Vegas,NV,89141
Las Vegas,NV,89142
Las Vegas,NV,89143
Las Vegas,NV,89144
Las Vegas,NV,89145
Las Vegas,NV,89146
Las Vegas,NV,89147
Las Vegas,NV,89148
Las Vegas,NV,89149
Las Vegas,NV,89156
Las Vegas,NV,89158
Las Vegas,NV,89166
Las Vegas,NV,89169
Las Vegas,NV,89178
Las Vegas,NV,89179
Las Vegas,NV,89183
Reno,NV,89431
Reno,NV,89432
Reno,NV,89433
Reno,NV,89434
Reno,NV,89435
Reno,NV,89436
Reno,NV,89439
Reno,NV,89441
Reno,NV,89501
Reno,NV,89502
Reno,NV,89503
Reno,NV,89504
Reno,NV,89505
Reno,NV,89506
Reno,NV,89507
Reno,NV,89508
Reno,NV,89509
Reno,NV,89511
Reno,NV,89512
Reno,NV,89513
Reno,NV,89515
Reno,NV,89519
Reno,NV,89520
Reno,NV,89521
Reno,NV,89523
Reno,NV,89533
Reno,NV,89570
Reno,NV,89595
Reno,NV,89701
Reno,NV,89703
Reno,NV,89704
Reno,NV,89705
Reno,NV,89706
Los Angeles,CA,90001
Los Angeles,CA,90002
Los Angeles,CA,90003
Los Angeles,CA,90004
Los Angeles,CA,90005
Los Angeles,CA,90006
Los Angeles,CA,90007
Los Angeles,CA,90008
Los Angeles,CA,90010
Los Angeles,CA,90011
Los Angeles,CA,90012
Los Angeles,CA,90013
Los Angeles,CA,90014
Los Angeles,CA,90015
Los Angeles,CA,90016
Los Angeles,CA,90017
Los Angeles,CA,90018
Los Angeles,CA,90019
Los Angeles,CA,90020
Los Angeles,CA,90021
Los Angeles,CA,90022
Los Angeles,CA,90023
Los Angeles,CA,90024
Los Angeles,CA,90025
Los Angeles,CA,90026
Los Angeles,CA,90027
Los Angeles,CA,90028
Los Angeles,CA,90029
Los Angeles,CA,90031
Los Angeles,CA,90032
Los Angeles,CA,90033
Los Angeles,CA,90034
Los Angeles,CA,90035
Los Angeles,CA,90036
Los Angeles,CA,90037
Los Angeles,CA,90038
Los Angeles,CA,90039
Los Angeles,CA,90040
Los Angeles,CA,90041
Los Angeles,CA,90042
Los Angeles,CA,90043
Los Angeles,CA,90044
Los Angeles,CA,90045
Los Angeles,CA,90046
Los Angeles,CA,90047
Los Angeles,CA,90048
Los Angeles,CA,90049
Los Angeles,CA,90056
Los Angeles,CA,90057
Los Angeles,CA,90058
Los Angeles,CA,90059
Los Angeles,CA,90061
Los Angeles,CA,90062
Los Angeles,CA,90063
Los Angeles,CA,90064
Los Angeles,CA,90065
Los Angeles,CA,90066
Los Angeles,CA,90067
Los Angeles,CA,90068
Los Angeles,CA,90069
Los Angeles,CA,90071
Los Angeles,CA,90077
Los Angeles,CA,90089
Los Angeles,CA,90094
Los Angeles,CA,90095
Los Angeles,CA,90201
Los Angeles,CA,90210
Los Angeles,CA,90211
Los Angeles,CA,90212
Los Angeles,CA,90220
Los Angeles,CA,90221
Los Angeles,CA,90222
Los Angeles,CA,90230
Los Angeles,CA,90232
Los Angeles,CA,90240
Los Angeles,CA,90241
Los Angeles,CA,90242
Los Angeles,CA,90245
Los Angeles,CA,90247
Los Angeles,CA,90248
Los Angeles,CA,90249
Los Angeles,CA,90250
Los Angeles,CA,90254
Los Angeles,CA,90255
Los Angeles,CA,90260
Los Angeles,CA,90262
Los Angeles,CA,90266
Los Angeles,CA,90270
Los Angeles,CA,90274
Los Angeles,CA,90275
Los Angeles,CA,90277
Los Angeles,CA,90278
Los Angeles,CA,90280
Los Angeles,CA,90291
Los Angeles,CA,90292
Los Angeles,CA,90293
Los Angeles,CA,90301
Los Angeles,CA,90302
Los Angeles,CA,90303
Los Angeles,CA,90304
Los Angeles,CA,90305
Los Angeles,CA,90401
Los Angeles,CA,90402
Los Angeles,CA,90403
Los Angeles,CA,90404
Los Angeles,CA,90405
Los Angeles,CA,90501
Los Angeles,CA,90502
Los Angeles,CA,90503
Los Angeles,CA,90504
Los Angeles,CA,90505
Los Angeles,CA,90506
Los Angeles,CA,90601
Los Angeles,CA,90602
Los Angeles,CA,90603
Los Angeles,CA,90604
Los Angeles,CA,90605
Los Angeles,CA,90606
Orange County,CA,90620
Orange County,CA,90621
Orange County,CA,90622
Orange County,CA,90623
Orange County,CA,90624
Orange County,CA,90630
Orange County,CA,90631
Los Angeles,CA,90638
Los Angeles,CA,90640
Los Angeles,CA,90650
Los Angeles,CA,90660
Los Angeles,CA,90670
Orange County,CA,90680
Los Angeles,CA,90701
Los Angeles,CA,90703
Los Angeles,CA,90706
Los Angeles,CA,90710
Los Angeles,CA,90712
Los Angeles,CA,90713
Los Angeles,CA,90715
Los Angeles,CA,90717
Orange County,CA,90720
Los Angeles,CA,90723
Los Angeles,CA,90731
Los Angeles,CA,90732
Orange County,CA,90740
Orange County,CA,90742
Orange County,CA,90743
Los Angeles,CA,90744
Los Angeles,CA,90745
Los Angeles,CA,90746
Los Angeles,CA,90747
Los Angeles,CA,90749
Los Angeles,CA,90755
Los Angeles,CA,90801
Los Angeles,CA,90802
Orange County,CA,90803
Los Angeles,CA,90804
Los Angeles,CA,90805
Los Angeles,CA,90806
Los Angeles,CA,90807
Orange County,CA,90808
Los Angeles,CA,90809
Los Angeles,CA,90810
Los Angeles,CA,90813
Los Angeles,CA,90814
Los Angeles,CA,90815
Los Angeles,CA,90822
Los Angeles,CA,90835
Los Angeles,CA,90846
Los Angeles,CA,91001
Los Angeles,CA,91006
Los Angeles,CA,91007
Los Angeles,CA,91010
Los Angeles,CA,91011
Los Angeles,CA,91016
Los Angeles,CA,91020
Los Angeles,CA,91030
Los Angeles,CA,91042
Los Angeles,CA,91101
Los Angeles,CA,91103
Los Angeles,CA,91104
Los Angeles,CA,91105
Los Angeles,CA,91106
Los Angeles,CA,91107
Los Angeles,CA,91108
Los Angeles,CA,91125
Los Angeles,CA,91201
Los Angeles,CA,91202
Los Angeles,CA,91203
Los Angeles,CA,91204
Los Angeles,CA,91205
Los Angeles,CA,91206
Los Angeles,CA,91207
Los Angeles,CA,91208
Los Angeles,CA,91210
Los Angeles,CA,91214
Los Angeles,CA,91316
Los Angeles,CA,91324
Los Angeles,CA,91325
Los Angeles,CA,91331
Los Angeles,CA,91335
Los Angeles,CA,91342
Los Angeles,CA,91344
Los Angeles,CA,91345
Los Angeles,CA,91352
Los Angeles,CA,91356
Los Angeles,CA,91401
Los Angeles,CA,91402
Los Angeles,CA,91403
Los Angeles,CA,91405
Los Angeles,CA,91406
Los Angeles,CA,91411
Los Angeles,CA,91423
Los Angeles,CA,91436
Los Angeles,CA,91501
Los Angeles,CA,91502
Los Angeles,CA,91504
Los Angeles,CA,91505
Los Angeles,CA,91506
Los Angeles,CA,91601
Los Angeles,CA,91602
Los Angeles,CA,91604
Los Angeles,CA,91605
Los Angeles,CA,91606
Los Angeles,CA,91607
Los Angeles,CA,91608
Riverside,CA,91701
Los Angeles,CA,91702
Los Angeles,CA,91706
Riverside,CA,91708
Riverside,CA,91709
Riverside,CA,91710
Riverside,CA,91711
Los Angeles,CA,91722
Los Angeles,CA,91723
Los Angeles,CA,91724
Riverside,CA,91729
Riverside,CA,91730
Los Angeles,CA,91731
Los Angeles,CA,91732
Los Angeles,CA,91733
Riverside,CA,91737
Riverside,CA,91739
Los Angeles,CA,91740
Los Angeles,CA,91741
Riverside,CA,91743
Los Angeles,CA,91744
Los Angeles,CA,91745
Los Angeles,CA,91746
Orange County,CA,91748
Riverside,CA,91750
Riverside,CA,91752
Los Angeles,CA,91754
Los Angeles,CA,91755
Riverside,CA,91758
Riverside,CA,91761
Riverside,CA,91762
Riverside,CA,91763
Riverside,CA,91764
Los Angeles,CA,91765
Riverside,CA,91766
Riverside,CA,91767
Riverside,CA,91768
Los Angeles,CA,91770
Riverside,CA,91773
Los Angeles,CA,91775
Los Angeles,CA,91776
Los Angeles,CA,91780
Riverside,CA,91784
Riverside,CA,91785
Riverside,CA,91786
Los Angeles,CA,91789
Los Angeles,CA,91790
Los Angeles,CA,91791
Los Angeles,CA,91792
Los Angeles,CA,91801
Los Angeles,CA,91803
San Diego,CA,91901
San Diego,CA,91902
San Diego,CA,91910
San Diego,CA,91911
San Diego,CA,91913
San Diego,CA,91914
San Diego,CA,91915
San Diego,CA,91941
San Diego,CA,91942
San Diego,CA,91945
San Diego,CA,91950
San Diego,CA,91977
San Diego,CA,91978
San Diego,CA,92003
San Diego,CA,92007
San Diego,CA,92008
San Diego,CA,92009
San Diego,CA,92010
San Diego,CA,92011
San Diego,CA,92013
San Diego,CA,92014
San Diego,CA,92018
San Diego,CA,92019
San Diego,CA,92020
San Diego,CA,92021
San Diego,CA,92024
San Diego,CA,92025
San Diego,CA,92026
San Diego,CA,92027
San Diego,CA,92028
San Diego,CA,92029
San Diego,CA,92030
San Diego,CA,92033
San Diego,CA,92037
San Diego,CA,92040
San Diego,CA,92046
San Diego,CA,92054
San Diego,CA,92056
San Diego,CA,92057
San Diego,CA,92058
San Diego,CA,92059
San Diego,CA,92064
San Diego,CA,92065
San Diego,CA,92067
San Diego,CA,92069
San Diego,CA,92071
San Diego,CA,92075
San Diego,CA,92078
San Diego,CA,92079
San Diego,CA,92081
San Diego,CA,92082
San Diego,CA,92083
San Diego,CA,92084
San Diego,CA,92085
San Diego,CA,92091
San Diego,CA,92093
San Diego,CA,92096
San Diego,CA,92101
San Diego,CA,92102
San Diego,CA,92103
San Diego,CA,92104
San Diego,CA,92105
San Diego,CA,92106
San Diego,CA,92107
San Diego,CA,92108
San Diego,CA,92109
San Diego,CA,92110
San Diego,CA,92111
San Diego,CA,92113
San Diego,CA,92114
San Diego,CA,92115
San Diego,CA,92116
San Diego,CA,92117
San Diego,CA,92118
San Diego,CA,92119
San Diego,CA,92120
San Diego,CA,92121
San Diego,CA,92122
San Diego,CA,92123
San Diego,CA,92124
San Diego,CA,92126
San Diego,CA,92127
San Diego,CA,92128
San Diego,CA,92129
San Diego,CA,92130
San Diego,CA,92131
San Diego,CA,92134
San Diego,CA,92135
San Diego,CA,92136
San Diego,CA,92139
San Diego,CA,92140
San Diego,CA,92145
San Diego,CA,92147
San Diego,CA,92152
San Diego,CA,92154
San Diego,CA,92155
San Diego,CA,92161
San Diego,CA,92173
San Diego,CA,92182
Riverside,CA,92223
Riverside,CA,92313
Riverside,CA,92316
Riverside,CA,92318
Riverside,CA,92320
Riverside,CA,92324
Riverside,CA,92331
Riverside,CA,92334
Riverside,CA,92335
Riverside,CA,92336
Riverside,CA,92337
Riverside,CA,92346
Riverside,CA,92350
Riverside,CA,92352
Riverside,CA,92354
Riverside,CA,92357
Riverside,CA,92359
Riverside,CA,92373
Riverside,CA,92374
Riverside,CA,92375
Riverside,CA,92376
Riverside,CA,92377
Lancaster,CA,92397
Riverside,CA,92399
Riverside,CA,92401
Riverside,CA,92403
Riverside,CA,92404
Riverside,CA,92405
Riverside,CA,92406
Riverside,CA,92407
Riverside,CA,92408
Riverside,CA,92410
Riverside,CA,92411
Riverside,CA,92412
Riverside,CA,92413
Riverside,CA,92414
Riverside,CA,92415
Riverside,CA,92418
Riverside,CA,92423
Riverside,CA,92501
Riverside,CA,92502
Riverside,CA,92503
Riverside,CA,92504
Riverside,CA,92505
Riverside,CA,92506
Riverside,CA,92507
Riverside,CA,92508
Riverside,CA,92509
Riverside,CA,92513
Riverside,CA,92514
Riverside,CA,92515
Riverside,CA,92516
Riverside,CA,92517
Riverside,CA,92518
Riverside,CA,92519
Riverside,CA,92521
Riverside,CA,92522
Riverside,CA,92545
Riverside,CA,92548
Riverside,CA,92551
Riverside,CA,92552
Riverside,CA,92553
Riverside,CA,92554
Riverside,CA,92555
Riverside,CA,92556
Riverside,CA,92557
Riverside,CA,92567
Riverside,CA,92570
Riverside,CA,92571
Riverside,CA,92581
Riverside,CA,92582
Riverside,CA,92583
Riverside,CA,92585
Orange County,CA,92602
Orange County,CA,92603
Orange County,CA,92604
Orange County,CA,92605
Orange County,CA,92606
Orange County,CA,92607
Orange County,CA,92609
Orange County,CA,92610
Orange County,CA,92612
Orange County,CA,92614
Orange County,CA,92615
Orange County,CA,92616
Orange County,CA,92617
Orange County,CA,92618
Orange County,CA,92619
Orange County,CA,92620
Orange County,CA,92623
Orange County,CA,92624
Orange County,CA,92625
Orange County,CA,92626
Orange County,CA,92627
Orange County,CA,92628
Orange County,CA,92629
Orange County,CA,92630
Orange County,CA,92637
Orange County,CA,92646
Orange County,CA,92647
Orange County,CA,92648
Orange County,CA,92649
Orange County,CA,92650
Orange County,CA,92651
Orange County,CA,92652
Orange County,CA,92653
Orange County,CA,92654
Orange County,CA,92655
Orange County,CA,92656
Orange County,CA,92657
Orange County,CA,92658
Orange County,CA,92659
Orange County,CA,92660
Orange County,CA,92661
Orange County,CA,92662
Orange County,CA,92663
Orange County,CA,92672
Orange County,CA,92673
Orange County,CA,92675
Orange County,CA,92677
Orange County,CA,92683
Orange County,CA,92684
Orange County,CA,92685
Orange County,CA,92688
Orange County,CA,92690
Orange County,CA,92691
Orange County,CA,92692
Orange County,CA,92694
Orange County,CA,92697
Orange County,CA,92698
Orange County,CA,92701
Orange County,CA,92702
Orange County,CA,92703
Orange County,CA,92704
Orange County,CA,92705
Orange County,CA,92706
Orange County,CA,92707
Orange County,CA,92708
Orange County,CA,92711
Orange County,CA,92712
Orange County,CA,92728
Orange County,CA,92735
Orange County,CA,92780
Orange County,CA,92781
Orange County,CA,92782
Orange County,CA,92799
Orange County,CA,92801
Orange County,CA,92802
Orange County,CA,92803
Orange County,CA,92804
Orange County,CA,92805
Orange County,CA,92806
Orange County,CA,92807
Orange County,CA,92808
Orange County,CA,92811
Orange County,CA,92812
Orange County,CA,92814
Orange County,CA,92815
Orange County,CA,92816
Orange County,CA,92817
Orange County,CA,92821
Orange County,CA,92823
Orange County,CA,92825
Orange County,CA,92831
Orange County,CA,92832
Orange County,CA,92833
Orange County,CA,92834
Orange County,CA,92835
Orange County,CA,92836
Orange County,CA,92837
Orange County,CA,92838
Orange County,CA,92840
Orange County,CA,92841
Orange County,CA,92842
Orange County,CA,92843
Orange County,CA,92844
Orange County,CA,92845
Orange County,CA,92846
Orange County,CA,92850
Orange County,CA,92856
Orange County,CA,92857
Orange County,CA,92859
Riverside,CA,92860
Orange County,CA,92861
Orange County,CA,92862
Orange County,CA,92863
Orange County,CA,92864
Orange County,CA,92865
Orange County,CA,92866
Orange County,CA,92867
Orange County,CA,92868
Orange County,CA,92869
Orange County,CA,92870
Orange County,CA,92871
Riverside,CA,92877
Riverside,CA,92878
Riverside,CA,92879
Riverside,CA,92880
Riverside,CA,92881
Riverside,CA,92882
Riverside,CA,92883
Orange County,CA,92885
Orange County,CA,92886
Orange County,CA,92887
Orange County,CA,92899
Lancaster,CA,93510
Lancaster,CA,93523
Lancaster,CA,93524
Lancaster,CA,93534
Lancaster,CA,93535
Lancaster,CA,93536
Lancaster,CA,93543
Lancaster,CA,93544
Lancaster,CA,93550
Lancaster,CA,93551
Lancaster,CA,93552
Lancaster,CA,93553
Lancaster,CA,93591
Portland,OR,97003
Portland,OR,97005
Portland,OR,97006
Portland,OR,97007
Portland,OR,97008
Portland,OR,97015
Portland,OR,97027
Portland,OR,97034
Portland,OR,97035
Portland,OR,97045
Portland,OR,97062
Portland,OR,97068
Portland,OR,97070
Portland,OR,97078
Portland,OR,97086
Portland,OR,97123
Portland,OR,97124
Portland,OR,97140
Portland,OR,97201
Portland,OR,97202
Portland,OR,97203
Portland,OR,97205
Portland,OR,97206
Portland,OR,97209
Portland,OR,97210
Portland,OR,97211
Portland,OR,97212
Portland,OR,97213
Portland,OR,97214
Portland,OR,97215
Portland,OR,97216
Portland,OR,97217
Portland,OR,97218
Portland,OR,97219
Portland,OR,97220
Portland,OR,97221
Portland,OR,97222
Portland,OR,97223
Portland,OR,97224
Portland,OR,97225
Portland,OR,97227
Portland,OR,97229
Portland,OR,97230
Portland,OR,97232
Portland,OR,97233
Portland,OR,97236
Portland,OR,97239
Portland,OR,97266
Portland,OR,97267
Tacoma,WA,98001
Tacoma,WA,98002
Tacoma,WA,98003
Seattle,WA,98004
Seattle,WA,98005
Seattle,WA,98006
Seattle,WA,98007
Seattle,WA,98008
Tacoma,WA,98010
Seattle,WA,98011
Seattle,WA,98012
Seattle,WA,98020
Seattle,WA,98021
Tacoma,WA,98022
Tacoma,WA,98023
Seattle,WA,98026
Seattle,WA,98027
Seattle,WA,98028
Seattle,WA,98029
Tacoma,WA,98030
Tacoma,WA,98031
Tacoma,WA,98032
Seattle,WA,98033
Seattle,WA,98034
Seattle,WA,98036
Seattle,WA,98037
Tacoma,WA,98038
Seattle,WA,98039
Seattle,WA,98040
Tacoma,WA,98042
Seattle,WA,98043
Tacoma,WA,98047
Seattle,WA,98052
Seattle,WA,98055
Seattle,WA,98056
Seattle,WA,98057
Seattle,WA,98058
Seattle,WA,98059
Seattle,WA,98062
Seattle,WA,98072
Seattle,WA,98074
Seattle,WA,98075
Seattle,WA,98077
Seattle,WA,98087
Tacoma,WA,98092
Seattle,WA,98101
Seattle,WA,98102
Seattle,WA,98103
Seattle,WA,98104
Seattle,WA,98105
Seattle,WA,98106
Seattle,WA,98107
Seattle,WA,98108
Seattle,WA,98109
Seattle,WA,98112
Seattle,WA,98115
Seattle,WA,98116
Seattle,WA,98117
Seattle,WA,98118
Seattle,WA,98119
Seattle,WA,98121
Seattle,WA,98122
Seattle,WA,98125
Seattle,WA,98126
Seattle,WA,98133
Seattle,WA,98134
Seattle,WA,98136
Seattle,WA,98138
Seattle,WA,98146
Seattle,WA,98148
Seattle,WA,98154
Seattle,WA,98155
Seattle,WA,98161
Seattle,WA,98164
Seattle,WA,98166
Seattle,WA,98168
Seattle,WA,98174
Seattle,WA,98177
Seattle,WA,98178
Seattle,WA,98188
Seattle,WA,98198
Seattle,WA,98199
Seattle,WA,98201
Seattle,WA,98203
Seattle,WA,98204
Seattle,WA,98205
Seattle,WA,98208
Seattle,WA,98223
Seattle,WA,98258
Seattle,WA,98270
Seattle,WA,98271
Seattle,WA,98275
Seattle,WA,98290
Seattle,WA,98296
Tacoma,WA,98321
Olympia,WA,98327
Tacoma,WA,98328
Tacoma,WA,98330
Tacoma,WA,98332
Tacoma,WA,98333
Tacoma,WA,98335
Tacoma,WA,98338
Tacoma,WA,98344
Tacoma,WA,98352
Tacoma,WA,98354
Tacoma,WA,98360
Tacoma,WA,98371
Tacoma,WA,98372
Tacoma,WA,98373
Tacoma,WA,98374
Tacoma,WA,98375
Tacoma,WA,98387
Tacoma,WA,98388
Tacoma,WA,98390
Tacoma,WA,98391
Tacoma,WA,98402
Tacoma,WA,98403
Tacoma,WA,98404
Tacoma,WA,98405
Tacoma,WA,98406
Tacoma,WA,98407
Tacoma,WA,98408
Tacoma,WA,98409
Tacoma,WA,98413
Tacoma,WA,98416
Tacoma,WA,98418
Tacoma,WA,98421
Tacoma,WA,98422
Tacoma,WA,98424
Tacoma,WA,98430
Tacoma,WA,98431
Tacoma,WA,98433
Tacoma,WA,98438
Tacoma,WA,98439
Tacoma,WA,98443
Tacoma,WA,98444
Tacoma,WA,98445
Tacoma,WA,98446
Tacoma,WA,98447
Tacoma,WA,98448
Tacoma,WA,98465
Tacoma,WA,98466
Tacoma,WA,98467
Tacoma,WA,98498
Tacoma,WA,98499
Olympia,WA,98501
Olympia,WA,98502
Olympia,WA,98503
Olympia,WA,98504
Olympia,WA,98505
Olympia,WA,98506
Olympia,WA,98507
Olympia,WA,98508
Olympia,WA,98509
Olympia,WA,98511
Olympia,WA,98512
Olympia,WA,98513
Olympia,WA,98516
Olympia,WA,98531
Olympia,WA,98576
Olympia,WA,98579
Tacoma,WA,98580
Olympia,WA,98589
Olympia,WA,98597
Spokane,WA,99001
Spokane,WA,99003
Spokane,WA,99004
Spokane,WA,99005
Spokane,WA,99006
Spokane,WA,99008
Spokane,WA,99009
Spokane,WA,99011
Spokane,WA,99012
Spokane,WA,99016
Spokane,WA,99019
Spokane,WA,99021
Spokane,WA,99022
Spokane,WA,99025
Spokane,WA,99026
Spokane,WA,99027
Spokane,WA,99029
Spokane,WA,99030
Spokane,WA,99031
Spokane,WA,99037
Spokane,WA,99110
Spokane,WA,99201
Spokane,WA,99202
Spokane,WA,99203
Spokane,WA,99204
Spokane,WA,99205
Spokane,WA,99206
Spokane,WA,99207
Spokane,WA,99208
Spokane,WA,99212
Spokane,WA,99214
Spokane,WA,99216
Spokane,WA,99217
Spokane,WA,99218
Spokane,WA,99223
Spokane,WA,99224
