Contract_Number,PBP,dsnp_state,plan_type
H0628,012,KY,D
H0628,013,OH,D
H0628,018,OH,I
H0901,005,DC,Retired
H1013,024,FL,Retired
H1013,030,FL,Retired
H1013,034,FL,Retired
H1076,011,FL,Retired
H1206,004,IL,C
H1206,005,IL,C
H1419,005,IL,Retired
H1608,062,SD,D
H1608,076,AR,D
H1608,077,AR,D
H1608,083,WV,D
H1609,015,FL,Retired
H1609,017,FL,D
H1609,019,FL,D
H1609,023,FL,Retired
H1609,039,FL,Retired
H1609,040,FL,Retired
H1609,043,FL,D
H1609,044,FL,D
H1609,045,FL,D
H1609,046,FL,D
H1609,047,FL,D
H1609,048,FL,D
H1609,049,FL,D
H1609,050,FL,Retired
H1609,051,FL,Retired
H1609,054,FL,Retired
H1609,055,FL,D
H1609,056,FL,D
H1609,057,FL,Retired
H1609,061,FL,D
H1609,062,FL,D
H1609,064,FL,D
H1609,065,FL,D
H1610,001,VA,F
H1610,002,VA,D
H1610,003,VA,D
H1692,005,WV,D
H2112,013,MD,Retired
H2293,002,GA,D
H2293,003,GA,D
H2293,004,GA,D
H2293,005,GA,D
H2293,021,GA,D
H2293,022,GA,D
H2663,014,MO,Retired
H2667,018,MO,Retired
H2672,011,MO,Retired
H3146,002,NC,D
H3146,003,NC,D
H3146,008,NC,D
H3146,009,NC,D
H3146,015,NC,D
H3146,016,SC,D
H3146,017,SC,D
H3146,018,NC,D
H3146,019,SC,D
H3146,022,NC,D
H3146,023,SC,D
H3152,073,NJ,Retired
H3152,074,NJ,Retired
H3192,007,MI,D
H3192,008,IN,D
H3192,009,IN,D
H3239,001,LA,D
H3239,002,AL,D
H3239,003,AL,D
H3239,005,MS,D
H3239,006,LA,D
H3239,007,LA,D
H3239,008,MS,D
H3239,010,AL,D
H3239,011,LA,D
H3239,012,MS,D
H3239,013,LA,D
H3239,015,MS,D
H3239,016,MS,D
H3239,018,AL,D
H3239,019,AL,D
H3239,021,LA,D
H3239,023,LA,D
H3288,053,OK,D
H3312,069,NY,D
H3312,070,NY,D
H3312,073,NY,D
H3312,087,NY,D
H3312,088,NY,D
H3312,089,NY,D
H3312,090,NY,D
H3597,011,ME,D
H3597,012,ME,D
H3931,069,PA,Retired
H3931,159,MD,D
H3931,175,CO,D
H3931,179,AZ,I
H3959,035,PA,D
H3959,036,PA,D
H3959,063,DE,D
H3959,066,PA,I
H3959,074,PA,C
H3959,075,PA,C
H3959,076,PA,C
H3959,077,PA,C
H4523,028,TX,D
H4523,029,TX,D
H4523,030,TX,D
H4711,011,NV,D
H4711,012,CO,D
H4711,013,NV,D
H4982,008,CA,D
H4982,009,CA,D
H4982,016,CA,D
H5302,012,GA,D
H5302,013,GA,D
H5302,014,GA,D
H5302,020,GA,D
H5325,001,KS,D
H5325,002,KS,D
H5325,003,MO,D
H5325,004,MO,D
H5325,005,MO,D
H5325,006,MO,D
H5325,007,AR,D
H5325,008,MO,Retired
H5325,009,KS,D
H5325,010,AR,D
H5325,011,AR,D
H5337,001,OH,Retired
H5414,029,FL,Retired
H5414,030,FL,Retired
H5414,034,FL,Retired
H5521,398,UT,D
H5521,461,NY,I
H5521,462,AL,D
H5521,463,AL,D
H5521,464,MS,D
H5521,465,MS,D
H5521,468,LA,D
H5521,469,LA,D
H5521,472,LA,D
H5521,473,LA,D
H5521,505,MI,D
H5521,506,CT,I
H5521,538,NC,D
H5521,539,SC,D
H5522,024,PA,D
H5593,001,IA,D
H5793,017,CT,D
H5793,020,CT,D
H5813,005,DE,Retired
H5850,002,FL,Retired
H5850,023,FL,Retired
H6399,001,NJ,F
H7149,006,NE,D
H8597,001,TX,D
H8597,002,TX,D
H8597,003,TX,D
H8649,010,UT,D





